Export;EXP-2024-001 (2024-08-26T09:12:35+01:00);;;StationsCode;NL10133;NL10318;NL10444;NL10644;NL10722;NL10934
Periode;2024-06-01T00:00:00+01:00 - 2024-07-01T00:00:00+01:00;;;BeheerderMeetStation;RIVM;RIVM;RIVM;RIVM;RIVM;RIVM
Bron;https://data.rivm.nl/data/luchtmeetnet;;;StationsNaam;Wijnandsrade-Opfergeltstraat;Philippine-Stelleweg;De Zilk-Vogelaarsdreef;Cabauw-Wielsekade;Eibergen-Lintveldseweg;Kollumerwaard-Hooge Zuidwal
Beschrijving data;https://data.rivm.nl/data/luchtmeetnet/readme.pdf;;;Latitude,Longitude;(50.902281,5.881748);(51.294498,3.749484);(52.296556,4.510817);(51.974489,4.923301);(52.091801,6.605367);(53.330425,6.276815)
Accreditatienummer;https://www.rva.nl/alle-geaccrediteerden/;;;StationsGebied;regionaal;regionaal;regionaal;regionaal;regionaal;regionaal
;;;;StationsType;achtergrond;achtergrond;achtergrond;achtergrond;achtergrond;achtergrond
;;;;Meetprincipe;Ultraviolet fluorescentie (UV-F);Ultraviolet fluorescentie (UV-F);Ultraviolet fluorescentie (UV-F);Ultraviolet fluorescentie (UV-F);Ultraviolet fluorescentie (UV-F);Ultraviolet fluorescentie (UV-F)
;;;;Meetopstelling;Thermo model 43i SO2 analyser;Thermo model 43i SO2 analyser;Thermo model 43i SO2 analyser;Thermo model 43i SO2 analyser;Thermo model 43i SO2 analyser;Thermo model 43i SO2 analyser
;;;;Accreditatienummer;L224;L224;L224;L224;L224;L224
Component;Bep.periode;Eenheid; Begindatumtijd;Einddatumtijd;NL10133;NL10318;NL10444;NL10644;NL10722;NL10934
SO2;uur;µg/m³;2024-06-01T00:00:00+01:00;2024-06-01T01:00:00+01:00;0.27;0.32;0.05;0.1;0.17;0.81
SO2;uur;µg/m³;2024-06-01T01:00:00+01:00;2024-06-01T02:00:00+01:00;0.24;0.28;0.02;0;0.14;0.73
SO2;uur;µg/m³;2024-06-01T02:00:00+01:00;2024-06-01T03:00:00+01:00;0.2;0.22;0.03;-0.01;0.15;0.67
SO2;uur;µg/m³;2024-06-01T03:00:00+01:00;2024-06-01T04:00:00+01:00;0.26;0.18;0.05;0.05;0.15;0.69
SO2;uur;µg/m³;2024-06-01T04:00:00+01:00;2024-06-01T05:00:00+01:00;0.1;-0.01;-0.17;0.24;-0.37;0.73
SO2;uur;µg/m³;2024-06-01T05:00:00+01:00;2024-06-01T06:00:00+01:00;0.03;0.36;-0.17;0.18;-0.42;0.59
SO2;uur;µg/m³;2024-06-01T06:00:00+01:00;2024-06-01T07:00:00+01:00;0.03;0.28;-0.22;0.2;-0.36;0.56
SO2;uur;µg/m³;2024-06-01T07:00:00+01:00;2024-06-01T08:00:00+01:00;0.03;0.5;-0.23;0.19;-0.39;0.56
SO2;uur;µg/m³;2024-06-01T08:00:00+01:00;2024-06-01T09:00:00+01:00;0.06;0.14;-0.22;0.21;-0.39;0.57
SO2;uur;µg/m³;2024-06-01T09:00:00+01:00;2024-06-01T10:00:00+01:00;0.09;1.04;-0.17;0.22;-0.34;0.52
SO2;uur;µg/m³;2024-06-01T10:00:00+01:00;2024-06-01T11:00:00+01:00;0.06;1.1;-0.22;0.25;-0.33;0.52
SO2;uur;µg/m³;2024-06-01T11:00:00+01:00;2024-06-01T12:00:00+01:00;0.05;0.66;-0.19;0.24;-0.31;0.5
SO2;uur;µg/m³;2024-06-01T12:00:00+01:00;2024-06-01T13:00:00+01:00;0.04;1.82;-0.17;0.24;-0.27;0.56
SO2;uur;µg/m³;2024-06-01T13:00:00+01:00;2024-06-01T14:00:00+01:00;0.07;1.52;-0.18;0.27;-0.26;0.47
SO2;uur;µg/m³;2024-06-01T14:00:00+01:00;2024-06-01T15:00:00+01:00;0.06;1.66;-0.12;0.27;-0.27;0.44
SO2;uur;µg/m³;2024-06-01T15:00:00+01:00;2024-06-01T16:00:00+01:00;0.08;1.55;-0.16;0.24;-0.24;0.42
SO2;uur;µg/m³;2024-06-01T16:00:00+01:00;2024-06-01T17:00:00+01:00;0.05;1.56;;0.22;-0.27;0.41
SO2;uur;µg/m³;2024-06-01T17:00:00+01:00;2024-06-01T18:00:00+01:00;0.05;1.21;;0.24;-0.28;0.4
SO2;uur;µg/m³;2024-06-01T18:00:00+01:00;2024-06-01T19:00:00+01:00;0.07;1.91;;0.23;-0.34;0.45
SO2;uur;µg/m³;2024-06-01T19:00:00+01:00;2024-06-01T20:00:00+01:00;0.07;1.44;;0.28;-0.33;0.54
SO2;uur;µg/m³;2024-06-01T20:00:00+01:00;2024-06-01T21:00:00+01:00;0.1;0.64;;0.27;-0.34;0.66
SO2;uur;µg/m³;2024-06-01T21:00:00+01:00;2024-06-01T22:00:00+01:00;0.09;0.51;;0.23;-0.4;0.51
SO2;uur;µg/m³;2024-06-01T22:00:00+01:00;2024-06-01T23:00:00+01:00;0.07;0.35;;0.25;-0.38;0.37
SO2;uur;µg/m³;2024-06-01T23:00:00+01:00;2024-06-02T00:00:00+01:00;0.01;0.91;;0.29;-0.33;0.4
SO2;uur;µg/m³;2024-06-02T00:00:00+01:00;2024-06-02T01:00:00+01:00;0.01;1.25;;0.72;-0.36;0.43
SO2;uur;µg/m³;2024-06-02T01:00:00+01:00;2024-06-02T02:00:00+01:00;0.03;0.83;;1.24;-0.37;1.27
SO2;uur;µg/m³;2024-06-02T02:00:00+01:00;2024-06-02T03:00:00+01:00;0.01;0.43;;1.35;-0.36;1.41
SO2;uur;µg/m³;2024-06-02T03:00:00+01:00;2024-06-02T04:00:00+01:00;0.03;0.29;;0.96;-0.36;1.04
SO2;uur;µg/m³;2024-06-02T04:00:00+01:00;2024-06-02T05:00:00+01:00;0.16;0.51;;0.39;0.37;0.5
SO2;uur;µg/m³;2024-06-02T05:00:00+01:00;2024-06-02T06:00:00+01:00;0.14;0.49;;0.42;0.53;0.57
SO2;uur;µg/m³;2024-06-02T06:00:00+01:00;2024-06-02T07:00:00+01:00;0.15;0.45;;0.31;0.64;0.58
SO2;uur;µg/m³;2024-06-02T07:00:00+01:00;2024-06-02T08:00:00+01:00;0.15;0.44;;0.28;0.49;0.61
SO2;uur;µg/m³;2024-06-02T08:00:00+01:00;2024-06-02T09:00:00+01:00;0.17;0.37;;0.27;0.48;0.67
SO2;uur;µg/m³;2024-06-02T09:00:00+01:00;2024-06-02T10:00:00+01:00;0.16;1.33;;0.29;0.45;0.66
SO2;uur;µg/m³;2024-06-02T10:00:00+01:00;2024-06-02T11:00:00+01:00;0.17;2.44;;0.25;0.41;0.58
SO2;uur;µg/m³;2024-06-02T11:00:00+01:00;2024-06-02T12:00:00+01:00;0.2;2.8;;0.37;0.44;0.43
SO2;uur;µg/m³;2024-06-02T12:00:00+01:00;2024-06-02T13:00:00+01:00;0.23;1.19;;0.34;0.43;0.44
SO2;uur;µg/m³;2024-06-02T13:00:00+01:00;2024-06-02T14:00:00+01:00;0.23;1.22;;0.5;0.42;0.49
SO2;uur;µg/m³;2024-06-02T14:00:00+01:00;2024-06-02T15:00:00+01:00;0.24;1.33;;0.65;0.43;0.51
SO2;uur;µg/m³;2024-06-02T15:00:00+01:00;2024-06-02T16:00:00+01:00;0.27;0.87;;0.48;0.4;0.52
SO2;uur;µg/m³;2024-06-02T16:00:00+01:00;2024-06-02T17:00:00+01:00;0.3;1.03;;0.55;0.4;0.48
SO2;uur;µg/m³;2024-06-02T17:00:00+01:00;2024-06-02T18:00:00+01:00;0.21;1.39;;0.56;0.39;0.37
SO2;uur;µg/m³;2024-06-02T18:00:00+01:00;2024-06-02T19:00:00+01:00;0.21;0.95;;0.94;0.37;0.34
SO2;uur;µg/m³;2024-06-02T19:00:00+01:00;2024-06-02T20:00:00+01:00;0.21;1.13;;0.23;0.39;0.33
SO2;uur;µg/m³;2024-06-02T20:00:00+01:00;2024-06-02T21:00:00+01:00;0.18;0.94;;0.1;0.37;0.27
SO2;uur;µg/m³;2024-06-02T21:00:00+01:00;2024-06-02T22:00:00+01:00;0.2;0.38;;0.15;0.35;0.28
SO2;uur;µg/m³;2024-06-02T22:00:00+01:00;2024-06-02T23:00:00+01:00;0.18;0.33;;0.14;0.36;0.27
SO2;uur;µg/m³;2024-06-02T23:00:00+01:00;2024-06-03T00:00:00+01:00;0.19;0.38;;0.15;0.35;0.2
SO2;uur;µg/m³;2024-06-03T00:00:00+01:00;2024-06-03T01:00:00+01:00;0.14;0.41;;0.16;0.37;0.23
SO2;uur;µg/m³;2024-06-03T01:00:00+01:00;2024-06-03T02:00:00+01:00;0.18;0.49;;0.15;0.36;0.27
SO2;uur;µg/m³;2024-06-03T02:00:00+01:00;2024-06-03T03:00:00+01:00;0.18;0.35;;0.17;0.34;0.27
SO2;uur;µg/m³;2024-06-03T03:00:00+01:00;2024-06-03T04:00:00+01:00;0.17;0.28;;0.13;0.35;0.32
SO2;uur;µg/m³;2024-06-03T04:00:00+01:00;2024-06-03T05:00:00+01:00;0.16;-0.09;;0.31;-0.01;0.29
SO2;uur;µg/m³;2024-06-03T05:00:00+01:00;2024-06-03T06:00:00+01:00;0.15;-0.02;;0.32;0.03;0.33
SO2;uur;µg/m³;2024-06-03T06:00:00+01:00;2024-06-03T07:00:00+01:00;;;-0.06;;;
SO2;uur;µg/m³;2024-06-03T07:00:00+01:00;2024-06-03T08:00:00+01:00;0.68;0.41;0.07;0.65;0.43;0.51
SO2;uur;µg/m³;2024-06-03T08:00:00+01:00;2024-06-03T09:00:00+01:00;0.44;0.29;0.02;0.47;0.19;0.39
SO2;uur;µg/m³;2024-06-03T09:00:00+01:00;2024-06-03T10:00:00+01:00;0.43;0.41;0.01;0.44;0.17;0.33
SO2;uur;µg/m³;2024-06-03T10:00:00+01:00;2024-06-03T11:00:00+01:00;0.29;0.25;0.03;0.44;0.14;0.43
SO2;uur;µg/m³;2024-06-03T11:00:00+01:00;2024-06-03T12:00:00+01:00;0.3;0.1;0.12;0.43;0.18;0.44
SO2;uur;µg/m³;2024-06-03T12:00:00+01:00;2024-06-03T13:00:00+01:00;0.29;0.06;0.14;0.37;0.15;0.44
SO2;uur;µg/m³;2024-06-03T13:00:00+01:00;2024-06-03T14:00:00+01:00;0.2;0.1;0.17;0.46;0.13;0.39
SO2;uur;µg/m³;2024-06-03T14:00:00+01:00;2024-06-03T15:00:00+01:00;0.22;0.44;0.31;0.56;0.25;0.31
SO2;uur;µg/m³;2024-06-03T15:00:00+01:00;2024-06-03T16:00:00+01:00;0.3;0.79;0.37;0.53;0.15;0.34
SO2;uur;µg/m³;2024-06-03T16:00:00+01:00;2024-06-03T17:00:00+01:00;0.38;1.53;0.21;0.48;0.14;0.53
SO2;uur;µg/m³;2024-06-03T17:00:00+01:00;2024-06-03T18:00:00+01:00;0.38;0.61;0.16;0.53;0.1;0.51
SO2;uur;µg/m³;2024-06-03T18:00:00+01:00;2024-06-03T19:00:00+01:00;0.31;0.26;0.09;0.49;0.15;0.58
SO2;uur;µg/m³;2024-06-03T19:00:00+01:00;2024-06-03T20:00:00+01:00;0.26;0.18;0.18;0.51;0.11;0.39
SO2;uur;µg/m³;2024-06-03T20:00:00+01:00;2024-06-03T21:00:00+01:00;0.18;0.12;0.13;0.46;0.07;0.33
SO2;uur;µg/m³;2024-06-03T21:00:00+01:00;2024-06-03T22:00:00+01:00;0.18;0.04;0.07;0.35;0.07;0.26
SO2;uur;µg/m³;2024-06-03T22:00:00+01:00;2024-06-03T23:00:00+01:00;0.16;0.09;-0.06;0.34;0.09;0.16
SO2;uur;µg/m³;2024-06-03T23:00:00+01:00;2024-06-04T00:00:00+01:00;0.16;0.09;-0.09;0.26;0.12;0.17
SO2;uur;µg/m³;2024-06-04T00:00:00+01:00;2024-06-04T01:00:00+01:00;0.15;0.03;-0.09;0.26;0.08;0.13
SO2;uur;µg/m³;2024-06-04T01:00:00+01:00;2024-06-04T02:00:00+01:00;0.2;-0.01;-0.2;0.28;0.04;0.12
SO2;uur;µg/m³;2024-06-04T02:00:00+01:00;2024-06-04T03:00:00+01:00;0.26;-0.03;-0.26;0.27;0.08;0.17
SO2;uur;µg/m³;2024-06-04T03:00:00+01:00;2024-06-04T04:00:00+01:00;0.19;-0.04;-0.17;0.27;0.05;0.18
SO2;uur;µg/m³;2024-06-04T04:00:00+01:00;2024-06-04T05:00:00+01:00;0.04;0.26;0.13;0.21;-0.25;0.37
SO2;uur;µg/m³;2024-06-04T05:00:00+01:00;2024-06-04T06:00:00+01:00;0.09;0.36;0.17;0.28;-0.25;0.35
SO2;uur;µg/m³;2024-06-04T06:00:00+01:00;2024-06-04T07:00:00+01:00;0.08;0.49;0.23;0.21;-0.21;0.29
SO2;uur;µg/m³;2024-06-04T07:00:00+01:00;2024-06-04T08:00:00+01:00;0.08;0.6;0.85;0.54;-0.15;0.28
SO2;uur;µg/m³;2024-06-04T08:00:00+01:00;2024-06-04T09:00:00+01:00;0.19;1;1.34;2.38;-0.04;0.26
SO2;uur;µg/m³;2024-06-04T09:00:00+01:00;2024-06-04T10:00:00+01:00;0.17;1.21;1.29;4.25;-0.04;0.35
SO2;uur;µg/m³;2024-06-04T10:00:00+01:00;2024-06-04T11:00:00+01:00;0.16;0.84;1.95;3.17;0.34;0.4
SO2;uur;µg/m³;2024-06-04T11:00:00+01:00;2024-06-04T12:00:00+01:00;0.41;0.75;6.73;2.72;0.28;0.85
SO2;uur;µg/m³;2024-06-04T12:00:00+01:00;2024-06-04T13:00:00+01:00;0.21;0.66;10.29;1.86;0.26;0.94
SO2;uur;µg/m³;2024-06-04T13:00:00+01:00;2024-06-04T14:00:00+01:00;0.11;0.6;3.66;1.56;0.17;0.71
SO2;uur;µg/m³;2024-06-04T14:00:00+01:00;2024-06-04T15:00:00+01:00;0.11;0.48;2.89;1.18;0.09;0.6
SO2;uur;µg/m³;2024-06-04T15:00:00+01:00;2024-06-04T16:00:00+01:00;0.14;0.49;1.56;0.67;-0.05;0.65
SO2;uur;µg/m³;2024-06-04T16:00:00+01:00;2024-06-04T17:00:00+01:00;0.22;0.46;2.5;0.39;-0.04;0.59
SO2;uur;µg/m³;2024-06-04T17:00:00+01:00;2024-06-04T18:00:00+01:00;0.23;0.49;1.09;0.43;0.05;0.64
SO2;uur;µg/m³;2024-06-04T18:00:00+01:00;2024-06-04T19:00:00+01:00;0.1;0.39;0.45;1.65;0;0.64
SO2;uur;µg/m³;2024-06-04T19:00:00+01:00;2024-06-04T20:00:00+01:00;0.04;0.31;0.57;0.8;-0.04;0.51
SO2;uur;µg/m³;2024-06-04T20:00:00+01:00;2024-06-04T21:00:00+01:00;0;0.27;0.63;0.24;-0.05;0.43
SO2;uur;µg/m³;2024-06-04T21:00:00+01:00;2024-06-04T22:00:00+01:00;0.02;0.23;0.23;0.32;-0.06;0.4
SO2;uur;µg/m³;2024-06-04T22:00:00+01:00;2024-06-04T23:00:00+01:00;0;0.25;0.22;0.45;-0.12;0.35
SO2;uur;µg/m³;2024-06-04T23:00:00+01:00;2024-06-05T00:00:00+01:00;-0.04;0.23;0.13;0.39;-0.11;0.27
SO2;uur;µg/m³;2024-06-05T00:00:00+01:00;2024-06-05T01:00:00+01:00;-0.02;0.39;0.15;0.21;-0.06;0.26
SO2;uur;µg/m³;2024-06-05T01:00:00+01:00;2024-06-05T02:00:00+01:00;0.02;0.34;0.17;0.11;-0.08;0.23
SO2;uur;µg/m³;2024-06-05T02:00:00+01:00;2024-06-05T03:00:00+01:00;-0.01;0.23;0.2;0.09;-0.11;0.29
SO2;uur;µg/m³;2024-06-05T03:00:00+01:00;2024-06-05T04:00:00+01:00;0.01;0.22;0.42;0.12;-0.17;0.3
SO2;uur;µg/m³;2024-06-05T04:00:00+01:00;2024-06-05T05:00:00+01:00;0.14;0.01;1.15;0.05;-0.08;0.04
SO2;uur;µg/m³;2024-06-05T05:00:00+01:00;2024-06-05T06:00:00+01:00;0.09;-0.01;1.91;0.02;-0.05;0.11
SO2;uur;µg/m³;2024-06-05T06:00:00+01:00;2024-06-05T07:00:00+01:00;0.05;0.36;2.16;0.26;-0.05;0.31
SO2;uur;µg/m³;2024-06-05T07:00:00+01:00;2024-06-05T08:00:00+01:00;0.1;0.94;2.01;1.46;0.04;0.54
SO2;uur;µg/m³;2024-06-05T08:00:00+01:00;2024-06-05T09:00:00+01:00;0.12;1.1;2.09;2.63;0.29;0.67
SO2;uur;µg/m³;2024-06-05T09:00:00+01:00;2024-06-05T10:00:00+01:00;0.14;1.55;2.1;2.39;0.27;0.8
SO2;uur;µg/m³;2024-06-05T10:00:00+01:00;2024-06-05T11:00:00+01:00;0.23;1.76;2.08;3.3;0.32;0.86
SO2;uur;µg/m³;2024-06-05T11:00:00+01:00;2024-06-05T12:00:00+01:00;0.31;2.35;2.05;3.12;0.63;0.93
SO2;uur;µg/m³;2024-06-05T12:00:00+01:00;2024-06-05T13:00:00+01:00;0.29;2.81;2.21;3.14;1.39;
SO2;uur;µg/m³;2024-06-05T13:00:00+01:00;2024-06-05T14:00:00+01:00;0.39;2.55;1.93;3.04;1.42;
SO2;uur;µg/m³;2024-06-05T14:00:00+01:00;2024-06-05T15:00:00+01:00;0.38;3.57;1.15;3.87;1.19;
SO2;uur;µg/m³;2024-06-05T15:00:00+01:00;2024-06-05T16:00:00+01:00;0.37;3.7;0.93;3.41;1.44;
SO2;uur;µg/m³;2024-06-05T16:00:00+01:00;2024-06-05T17:00:00+01:00;0.37;2.41;0.89;0.93;1.74;
SO2;uur;µg/m³;2024-06-05T17:00:00+01:00;2024-06-05T18:00:00+01:00;0.82;2.15;0.88;0.37;2.01;0.43
SO2;uur;µg/m³;2024-06-05T18:00:00+01:00;2024-06-05T19:00:00+01:00;1.55;2.28;1;0.4;1.66;0.35
SO2;uur;µg/m³;2024-06-05T19:00:00+01:00;2024-06-05T20:00:00+01:00;1.47;2.44;1.64;0.72;2.5;0.27
SO2;uur;µg/m³;2024-06-05T20:00:00+01:00;2024-06-05T21:00:00+01:00;1.15;2.04;2.03;0.84;1.03;0.18
SO2;uur;µg/m³;2024-06-05T21:00:00+01:00;2024-06-05T22:00:00+01:00;1.19;1.18;2.31;0.68;0.46;0.15
SO2;uur;µg/m³;2024-06-05T22:00:00+01:00;2024-06-05T23:00:00+01:00;0.71;0.62;1.56;0.38;0.2;0.16
SO2;uur;µg/m³;2024-06-05T23:00:00+01:00;2024-06-06T00:00:00+01:00;0.27;0.49;0.88;0.41;0.02;0.22
SO2;uur;µg/m³;2024-06-06T00:00:00+01:00;2024-06-06T01:00:00+01:00;0.19;0.4;0.72;0.48;-0.01;0.15
SO2;uur;µg/m³;2024-06-06T01:00:00+01:00;2024-06-06T02:00:00+01:00;0.12;0.39;0.56;0.43;-0.04;0.12
SO2;uur;µg/m³;2024-06-06T02:00:00+01:00;2024-06-06T03:00:00+01:00;0.14;0.34;0.53;0.44;-0.07;0.15
SO2;uur;µg/m³;2024-06-06T03:00:00+01:00;2024-06-06T04:00:00+01:00;0.17;0.29;0.53;0.35;-0.05;0.16
SO2;uur;µg/m³;2024-06-06T04:00:00+01:00;2024-06-06T05:00:00+01:00;0.2;0.64;0.29;0.13;0.06;0.3
SO2;uur;µg/m³;2024-06-06T05:00:00+01:00;2024-06-06T06:00:00+01:00;0.16;0.69;0.62;0.22;0.09;0.37
SO2;uur;µg/m³;2024-06-06T06:00:00+01:00;2024-06-06T07:00:00+01:00;0.34;0.83;1.52;0.48;0.13;0.46
SO2;uur;µg/m³;2024-06-06T07:00:00+01:00;2024-06-06T08:00:00+01:00;0.55;1.08;2.19;0.94;0.4;0.76
SO2;uur;µg/m³;2024-06-06T08:00:00+01:00;2024-06-06T09:00:00+01:00;0.83;1.27;1.9;2.19;4.18;1.02
SO2;uur;µg/m³;2024-06-06T09:00:00+01:00;2024-06-06T10:00:00+01:00;0.92;2.47;1.54;3.74;6.62;0.98
SO2;uur;µg/m³;2024-06-06T10:00:00+01:00;2024-06-06T11:00:00+01:00;1.1;1.06;1.38;2.71;2.13;0.94
SO2;uur;µg/m³;2024-06-06T11:00:00+01:00;2024-06-06T12:00:00+01:00;1.49;1.04;1.24;1.02;0.82;0.87
SO2;uur;µg/m³;2024-06-06T12:00:00+01:00;2024-06-06T13:00:00+01:00;1.1;1.61;1.32;1.32;0.72;0.62
SO2;uur;µg/m³;2024-06-06T13:00:00+01:00;2024-06-06T14:00:00+01:00;0.79;1.72;1.7;0.74;0.8;0.66
SO2;uur;µg/m³;2024-06-06T14:00:00+01:00;2024-06-06T15:00:00+01:00;0.87;1.82;1.91;1.07;0.99;0.57
SO2;uur;µg/m³;2024-06-06T15:00:00+01:00;2024-06-06T16:00:00+01:00;0.63;1.89;2.59;1.59;1.3;1.08
SO2;uur;µg/m³;2024-06-06T16:00:00+01:00;2024-06-06T17:00:00+01:00;0.48;1.92;3.1;1.92;1.17;1.17
SO2;uur;µg/m³;2024-06-06T17:00:00+01:00;2024-06-06T18:00:00+01:00;0.39;2.54;3.25;2.27;1.23;0.8
SO2;uur;µg/m³;2024-06-06T18:00:00+01:00;2024-06-06T19:00:00+01:00;0.65;2.64;3.12;2.45;1.33;0.78
SO2;uur;µg/m³;2024-06-06T19:00:00+01:00;2024-06-06T20:00:00+01:00;0.93;2.2;2.91;2.34;0.94;0.73
SO2;uur;µg/m³;2024-06-06T20:00:00+01:00;2024-06-06T21:00:00+01:00;0.63;1.6;1.99;1.43;0.72;0.61
SO2;uur;µg/m³;2024-06-06T21:00:00+01:00;2024-06-06T22:00:00+01:00;0.32;1.07;1.06;0.69;0.45;0.58
SO2;uur;µg/m³;2024-06-06T22:00:00+01:00;2024-06-06T23:00:00+01:00;0.29;0.44;0.36;0.58;0.32;0.34
SO2;uur;µg/m³;2024-06-06T23:00:00+01:00;2024-06-07T00:00:00+01:00;0.25;0.25;0.32;0.06;0.29;0.4
SO2;uur;µg/m³;2024-06-07T00:00:00+01:00;2024-06-07T01:00:00+01:00;0.24;0.2;0.44;0.03;0.15;0.35
SO2;uur;µg/m³;2024-06-07T01:00:00+01:00;2024-06-07T02:00:00+01:00;0.22;0.15;0.44;0.02;0.13;0.3
SO2;uur;µg/m³;2024-06-07T02:00:00+01:00;2024-06-07T03:00:00+01:00;0.21;0.15;0.88;-0.02;0.11;0.28
SO2;uur;µg/m³;2024-06-07T03:00:00+01:00;2024-06-07T04:00:00+01:00;0.25;0.16;1.17;-0.02;0.08;0.29
SO2;uur;µg/m³;2024-06-07T04:00:00+01:00;2024-06-07T05:00:00+01:00;0.13;0.49;0.93;0.36;-0.04;0.18
SO2;uur;µg/m³;2024-06-07T05:00:00+01:00;2024-06-07T06:00:00+01:00;0.17;0.55;1.17;0.62;-0.05;0.22
SO2;uur;µg/m³;2024-06-07T06:00:00+01:00;2024-06-07T07:00:00+01:00;0.38;0.88;1.71;1.08;0.1;0.33
SO2;uur;µg/m³;2024-06-07T07:00:00+01:00;2024-06-07T08:00:00+01:00;0.88;1.46;1.4;1.94;0.46;0.64
SO2;uur;µg/m³;2024-06-07T08:00:00+01:00;2024-06-07T09:00:00+01:00;2.56;1.41;1.15;3.47;1.21;0.96
SO2;uur;µg/m³;2024-06-07T09:00:00+01:00;2024-06-07T10:00:00+01:00;2.79;1.37;0.87;4.01;1.27;0.84
SO2;uur;µg/m³;2024-06-07T10:00:00+01:00;2024-06-07T11:00:00+01:00;2.53;1.25;0.77;2.11;1.12;0.69
SO2;uur;µg/m³;2024-06-07T11:00:00+01:00;2024-06-07T12:00:00+01:00;1.89;0.85;0.71;1.4;1.09;0.63
SO2;uur;µg/m³;2024-06-07T12:00:00+01:00;2024-06-07T13:00:00+01:00;1.49;1;0.77;1.48;0.88;0.9
SO2;uur;µg/m³;2024-06-07T13:00:00+01:00;2024-06-07T14:00:00+01:00;1.39;0.89;1.18;1.88;0.77;0.92
SO2;uur;µg/m³;2024-06-07T14:00:00+01:00;2024-06-07T15:00:00+01:00;1.31;0.84;1.21;1.8;0.66;0.81
SO2;uur;µg/m³;2024-06-07T15:00:00+01:00;2024-06-07T16:00:00+01:00;0.89;0.94;1.04;2.33;0.84;0.72
SO2;uur;µg/m³;2024-06-07T16:00:00+01:00;2024-06-07T17:00:00+01:00;0.81;1.01;1.09;4.93;0.7;0.69
SO2;uur;µg/m³;2024-06-07T17:00:00+01:00;2024-06-07T18:00:00+01:00;0.84;1.02;0.97;3.77;0.53;0.63
SO2;uur;µg/m³;2024-06-07T18:00:00+01:00;2024-06-07T19:00:00+01:00;0.68;1.11;0.82;1.48;0.46;0.61
SO2;uur;µg/m³;2024-06-07T19:00:00+01:00;2024-06-07T20:00:00+01:00;0.52;1.32;0.65;1.62;0.36;0.77
SO2;uur;µg/m³;2024-06-07T20:00:00+01:00;2024-06-07T21:00:00+01:00;0.35;1.28;0.53;1.73;0.34;0.62
SO2;uur;µg/m³;2024-06-07T21:00:00+01:00;2024-06-07T22:00:00+01:00;0.25;0.96;0.4;1.12;0.16;0.72
SO2;uur;µg/m³;2024-06-07T22:00:00+01:00;2024-06-07T23:00:00+01:00;0.18;0.81;0.37;0.57;0.05;0.52
SO2;uur;µg/m³;2024-06-07T23:00:00+01:00;2024-06-08T00:00:00+01:00;0.17;0.58;0.44;0.38;0.07;0.51
SO2;uur;µg/m³;2024-06-08T00:00:00+01:00;2024-06-08T01:00:00+01:00;0.16;0.42;0.47;0.34;0.07;0.59
SO2;uur;µg/m³;2024-06-08T01:00:00+01:00;2024-06-08T02:00:00+01:00;0.14;0.38;0.34;0.35;0.03;0.52
SO2;uur;µg/m³;2024-06-08T02:00:00+01:00;2024-06-08T03:00:00+01:00;0.12;0.39;0.28;0.43;0.06;0.41
SO2;uur;µg/m³;2024-06-08T03:00:00+01:00;2024-06-08T04:00:00+01:00;0.14;0.49;0.29;0.66;0.02;0.52
SO2;uur;µg/m³;2024-06-08T04:00:00+01:00;2024-06-08T05:00:00+01:00;-0.11;0.53;0.45;0.7;0.07;0.63
SO2;uur;µg/m³;2024-06-08T05:00:00+01:00;2024-06-08T06:00:00+01:00;-0.08;0.5;0.71;0.55;0.05;0.66
SO2;uur;µg/m³;2024-06-08T06:00:00+01:00;2024-06-08T07:00:00+01:00;0.16;0.58;0.89;1.01;0.36;0.76
SO2;uur;µg/m³;2024-06-08T07:00:00+01:00;2024-06-08T08:00:00+01:00;0.38;0.74;0.96;0.42;1.17;0.75
SO2;uur;µg/m³;2024-06-08T08:00:00+01:00;2024-06-08T09:00:00+01:00;0.58;0.83;0.73;0.44;1.98;0.71
SO2;uur;µg/m³;2024-06-08T09:00:00+01:00;2024-06-08T10:00:00+01:00;0.64;0.71;0.48;0.37;1.33;0.76
SO2;uur;µg/m³;2024-06-08T10:00:00+01:00;2024-06-08T11:00:00+01:00;0.23;0.57;0.53;0.35;0.65;0.64
SO2;uur;µg/m³;2024-06-08T11:00:00+01:00;2024-06-08T12:00:00+01:00;0.16;0.71;0.44;0.4;0.39;0.52
SO2;uur;µg/m³;2024-06-08T12:00:00+01:00;2024-06-08T13:00:00+01:00;0.16;0.64;0.38;1.44;0.37;0.44
SO2;uur;µg/m³;2024-06-08T13:00:00+01:00;2024-06-08T14:00:00+01:00;0.11;0.74;0.43;0.25;0.27;0.31
SO2;uur;µg/m³;2024-06-08T14:00:00+01:00;2024-06-08T15:00:00+01:00;0.09;0.52;0.43;0.7;0.23;0.18
SO2;uur;µg/m³;2024-06-08T15:00:00+01:00;2024-06-08T16:00:00+01:00;0.02;0.36;0.4;0.53;0.16;0.19
SO2;uur;µg/m³;2024-06-08T16:00:00+01:00;2024-06-08T17:00:00+01:00;-0.04;0.44;0.41;0.91;0.14;0.21
SO2;uur;µg/m³;2024-06-08T17:00:00+01:00;2024-06-08T18:00:00+01:00;0.01;0.4;0.2;0.36;0.16;0.2
SO2;uur;µg/m³;2024-06-08T18:00:00+01:00;2024-06-08T19:00:00+01:00;0.07;0.45;0.22;0.18;0.1;0.21
SO2;uur;µg/m³;2024-06-08T19:00:00+01:00;2024-06-08T20:00:00+01:00;0.64;0.31;0.25;0.12;0.11;0.27
SO2;uur;µg/m³;2024-06-08T20:00:00+01:00;2024-06-08T21:00:00+01:00;0.4;0.63;0.23;0.12;0.05;0.25
SO2;uur;µg/m³;2024-06-08T21:00:00+01:00;2024-06-08T22:00:00+01:00;0.18;0.72;0.17;0.13;0.03;0.23
SO2;uur;µg/m³;2024-06-08T22:00:00+01:00;2024-06-08T23:00:00+01:00;0.02;0.52;0.17;0.14;-0.03;0.24
SO2;uur;µg/m³;2024-06-08T23:00:00+01:00;2024-06-09T00:00:00+01:00;-0.01;0.3;0.18;0.13;-0.02;0.23
SO2;uur;µg/m³;2024-06-09T00:00:00+01:00;2024-06-09T01:00:00+01:00;-0.02;0.28;0.2;0.13;-0.03;0.21
SO2;uur;µg/m³;2024-06-09T01:00:00+01:00;2024-06-09T02:00:00+01:00;0.08;0.21;0.2;0.1;-0.04;0.25
SO2;uur;µg/m³;2024-06-09T02:00:00+01:00;2024-06-09T03:00:00+01:00;-0.06;0.22;0.18;0.13;-0.07;0.43
SO2;uur;µg/m³;2024-06-09T03:00:00+01:00;2024-06-09T04:00:00+01:00;-0.12;0.23;0.28;0.14;-0.04;0.21
SO2;uur;µg/m³;2024-06-09T04:00:00+01:00;2024-06-09T05:00:00+01:00;-0.14;0.21;0.32;-0.04;-0.01;0.08
SO2;uur;µg/m³;2024-06-09T05:00:00+01:00;2024-06-09T06:00:00+01:00;-0.12;0.27;0.58;0.06;-0.04;0.1
SO2;uur;µg/m³;2024-06-09T06:00:00+01:00;2024-06-09T07:00:00+01:00;0.12;0.28;0.68;0.35;0.03;0.19
SO2;uur;µg/m³;2024-06-09T07:00:00+01:00;2024-06-09T08:00:00+01:00;0.67;0.42;0.65;0.52;0.27;0.26
SO2;uur;µg/m³;2024-06-09T08:00:00+01:00;2024-06-09T09:00:00+01:00;0.71;0.53;0.58;0.86;0.88;0.23
SO2;uur;µg/m³;2024-06-09T09:00:00+01:00;2024-06-09T10:00:00+01:00;0.68;0.59;0.46;1.15;0.74;0.2
SO2;uur;µg/m³;2024-06-09T10:00:00+01:00;2024-06-09T11:00:00+01:00;0.3;0.53;0.47;0.22;0.47;0.27
SO2;uur;µg/m³;2024-06-09T11:00:00+01:00;2024-06-09T12:00:00+01:00;0.2;0.52;0.72;0.27;0.29;0.21
SO2;uur;µg/m³;2024-06-09T12:00:00+01:00;2024-06-09T13:00:00+01:00;0.09;0.52;0.52;0.66;0.45;0.28
SO2;uur;µg/m³;2024-06-09T13:00:00+01:00;2024-06-09T14:00:00+01:00;0.2;0.5;0.55;0.17;0.26;0.29
SO2;uur;µg/m³;2024-06-09T14:00:00+01:00;2024-06-09T15:00:00+01:00;0.48;0.49;0.49;0.07;0.16;0.26
SO2;uur;µg/m³;2024-06-09T15:00:00+01:00;2024-06-09T16:00:00+01:00;1.33;0.46;0.48;0.13;0.11;0.25
SO2;uur;µg/m³;2024-06-09T16:00:00+01:00;2024-06-09T17:00:00+01:00;0.94;0.51;0.45;0.08;0.11;0.19
SO2;uur;µg/m³;2024-06-09T17:00:00+01:00;2024-06-09T18:00:00+01:00;0.66;0.5;0.44;0.16;0.11;0.14
SO2;uur;µg/m³;2024-06-09T18:00:00+01:00;2024-06-09T19:00:00+01:00;0.41;0.5;0.3;0.13;0.39;0.13
SO2;uur;µg/m³;2024-06-09T19:00:00+01:00;2024-06-09T20:00:00+01:00;0.35;0.45;0.28;0.13;0.62;0.09
SO2;uur;µg/m³;2024-06-09T20:00:00+01:00;2024-06-09T21:00:00+01:00;0.4;0.45;0.24;0.08;0.34;0.1
SO2;uur;µg/m³;2024-06-09T21:00:00+01:00;2024-06-09T22:00:00+01:00;0.23;0.44;0.2;0.07;0.1;0.02
SO2;uur;µg/m³;2024-06-09T22:00:00+01:00;2024-06-09T23:00:00+01:00;0.12;0.39;0.19;0.08;0.03;0.04
SO2;uur;µg/m³;2024-06-09T23:00:00+01:00;2024-06-10T00:00:00+01:00;-0.03;0.43;0.18;0.07;0.03;0.04
SO2;uur;µg/m³;2024-06-10T00:00:00+01:00;2024-06-10T01:00:00+01:00;-0.07;0.42;0.25;-0.03;0.03;0.08
SO2;uur;µg/m³;2024-06-10T01:00:00+01:00;2024-06-10T02:00:00+01:00;-0.07;0.39;0.28;-0.05;0.01;0.06
SO2;uur;µg/m³;2024-06-10T02:00:00+01:00;2024-06-10T03:00:00+01:00;-0.11;0.43;0.22;-0.07;0.03;0.03
SO2;uur;µg/m³;2024-06-10T03:00:00+01:00;2024-06-10T04:00:00+01:00;-0.12;0.42;0.18;-0.04;0.04;0.04
SO2;uur;µg/m³;2024-06-10T04:00:00+01:00;2024-06-10T05:00:00+01:00;0.27;0.35;-0.07;0.21;0.14;0.14
SO2;uur;µg/m³;2024-06-10T05:00:00+01:00;2024-06-10T06:00:00+01:00;0.27;0.31;-0.12;0.21;0.11;0.17
SO2;uur;µg/m³;2024-06-10T06:00:00+01:00;2024-06-10T07:00:00+01:00;;;;;;
SO2;uur;µg/m³;2024-06-10T07:00:00+01:00;2024-06-10T08:00:00+01:00;0.73;0.53;0.12;0.93;1.03;0.33
SO2;uur;µg/m³;2024-06-10T08:00:00+01:00;2024-06-10T09:00:00+01:00;0.63;0.34;0.03;0.82;0.64;0.21
SO2;uur;µg/m³;2024-06-10T09:00:00+01:00;2024-06-10T10:00:00+01:00;0.42;0.26;0.08;0.44;0.44;0.18
SO2;uur;µg/m³;2024-06-10T10:00:00+01:00;2024-06-10T11:00:00+01:00;0.36;0.2;-0.01;0.28;;0.14
SO2;uur;µg/m³;2024-06-10T11:00:00+01:00;2024-06-10T12:00:00+01:00;0.31;0.23;-0.11;0.25;;0.09
SO2;uur;µg/m³;2024-06-10T12:00:00+01:00;2024-06-10T13:00:00+01:00;0.28;0.11;-0.04;2.27;;0.13
SO2;uur;µg/m³;2024-06-10T13:00:00+01:00;2024-06-10T14:00:00+01:00;0.24;0.15;-0.09;0.42;;0.1
SO2;uur;µg/m³;2024-06-10T14:00:00+01:00;2024-06-10T15:00:00+01:00;0.32;0.09;1.01;0.36;;0.08
SO2;uur;µg/m³;2024-06-10T15:00:00+01:00;2024-06-10T16:00:00+01:00;0.27;0.13;0.09;0.37;;0.12
SO2;uur;µg/m³;2024-06-10T16:00:00+01:00;2024-06-10T17:00:00+01:00;0.27;0.11;-0.11;0.33;;0.03
SO2;uur;µg/m³;2024-06-10T17:00:00+01:00;2024-06-10T18:00:00+01:00;0.18;0.14;-0.11;0.41;;0.05
SO2;uur;µg/m³;2024-06-10T18:00:00+01:00;2024-06-10T19:00:00+01:00;0.18;0.16;-0.09;0.31;;0.03
SO2;uur;µg/m³;2024-06-10T19:00:00+01:00;2024-06-10T20:00:00+01:00;0.18;0.12;-0.13;0.23;;0.04
SO2;uur;µg/m³;2024-06-10T20:00:00+01:00;2024-06-10T21:00:00+01:00;0.23;0.14;-0.11;0.23;0.11;0.01
SO2;uur;µg/m³;2024-06-10T21:00:00+01:00;2024-06-10T22:00:00+01:00;0.19;0.11;-0.1;0.24;0.12;0.01
SO2;uur;µg/m³;2024-06-10T22:00:00+01:00;2024-06-10T23:00:00+01:00;0.25;0.14;-0.09;0.2;0.1;0.04
SO2;uur;µg/m³;2024-06-10T23:00:00+01:00;2024-06-11T00:00:00+01:00;0.32;0.14;-0.03;0.23;0.09;0.07
SO2;uur;µg/m³;2024-06-11T00:00:00+01:00;2024-06-11T01:00:00+01:00;0.43;0.13;-0.04;0.21;0.11;0.07
SO2;uur;µg/m³;2024-06-11T01:00:00+01:00;2024-06-11T02:00:00+01:00;0.37;0.13;-0.11;0.26;0.1;0.09
SO2;uur;µg/m³;2024-06-11T02:00:00+01:00;2024-06-11T03:00:00+01:00;0.34;0.16;-0.09;0.25;0.11;0.06
SO2;uur;µg/m³;2024-06-11T03:00:00+01:00;2024-06-11T04:00:00+01:00;0.3;0.08;-0.07;0.2;0.11;0.06
SO2;uur;µg/m³;2024-06-11T04:00:00+01:00;2024-06-11T05:00:00+01:00;0.4;0.1;0.24;-0.03;0.12;0.04
SO2;uur;µg/m³;2024-06-11T05:00:00+01:00;2024-06-11T06:00:00+01:00;0.44;0.09;0.34;-0.08;0.07;0.08
SO2;uur;µg/m³;2024-06-11T06:00:00+01:00;2024-06-11T07:00:00+01:00;0.83;0.11;0.31;0.02;0.14;0.11
SO2;uur;µg/m³;2024-06-11T07:00:00+01:00;2024-06-11T08:00:00+01:00;1.07;0.22;0.28;0.04;0.21;0.11
SO2;uur;µg/m³;2024-06-11T08:00:00+01:00;2024-06-11T09:00:00+01:00;0.84;0.17;0.3;0.05;0.22;0.12
SO2;uur;µg/m³;2024-06-11T09:00:00+01:00;2024-06-11T10:00:00+01:00;0.69;0.09;0.36;0.07;0.17;0.13
SO2;uur;µg/m³;2024-06-11T10:00:00+01:00;2024-06-11T11:00:00+01:00;0.67;0.23;0.37;0.44;0.23;0.15
SO2;uur;µg/m³;2024-06-11T11:00:00+01:00;2024-06-11T12:00:00+01:00;0.57;0.26;0.36;0.12;0.15;0.16
SO2;uur;µg/m³;2024-06-11T12:00:00+01:00;2024-06-11T13:00:00+01:00;0.51;0.23;0.32;0.19;0.26;0.17
SO2;uur;µg/m³;2024-06-11T13:00:00+01:00;2024-06-11T14:00:00+01:00;0.6;0.15;0.31;0.92;0.23;0.18
SO2;uur;µg/m³;2024-06-11T14:00:00+01:00;2024-06-11T15:00:00+01:00;0.6;0.22;0.4;1.05;0.22;0.22
SO2;uur;µg/m³;2024-06-11T15:00:00+01:00;2024-06-11T16:00:00+01:00;0.39;0.2;0.4;0.67;0.21;0.21
SO2;uur;µg/m³;2024-06-11T16:00:00+01:00;2024-06-11T17:00:00+01:00;0.39;0.25;0.32;0.53;0.16;0.17
SO2;uur;µg/m³;2024-06-11T17:00:00+01:00;2024-06-11T18:00:00+01:00;0.43;0.23;0.32;0.21;0.18;0.13
SO2;uur;µg/m³;2024-06-11T18:00:00+01:00;2024-06-11T19:00:00+01:00;1.31;0.25;0.3;0.17;0.25;0.08
SO2;uur;µg/m³;2024-06-11T19:00:00+01:00;2024-06-11T20:00:00+01:00;0.88;0.24;0.25;0.06;0.21;0.15
SO2;uur;µg/m³;2024-06-11T20:00:00+01:00;2024-06-11T21:00:00+01:00;0.43;0.17;0.28;-0.02;0.17;0.11
SO2;uur;µg/m³;2024-06-11T21:00:00+01:00;2024-06-11T22:00:00+01:00;0.39;0.14;0.29;0;0.15;0.08
SO2;uur;µg/m³;2024-06-11T22:00:00+01:00;2024-06-11T23:00:00+01:00;0.33;0.15;0.3;0.01;0.14;0.07
SO2;uur;µg/m³;2024-06-11T23:00:00+01:00;2024-06-12T00:00:00+01:00;0.28;0.14;0.25;-0.02;0.16;0.09
SO2;uur;µg/m³;2024-06-12T00:00:00+01:00;2024-06-12T01:00:00+01:00;0.32;0.14;0.33;0.04;0.11;0.09
SO2;uur;µg/m³;2024-06-12T01:00:00+01:00;2024-06-12T02:00:00+01:00;0.3;0.13;0.31;0.01;0.13;0.06
SO2;uur;µg/m³;2024-06-12T02:00:00+01:00;2024-06-12T03:00:00+01:00;0.27;0.07;0.32;-0.03;0.14;0.07
SO2;uur;µg/m³;2024-06-12T03:00:00+01:00;2024-06-12T04:00:00+01:00;0.48;0.1;0.31;0.02;0.1;0.1
SO2;uur;µg/m³;2024-06-12T04:00:00+01:00;2024-06-12T05:00:00+01:00;0.39;0.03;0.25;0.14;0.21;-0.09
SO2;uur;µg/m³;2024-06-12T05:00:00+01:00;2024-06-12T06:00:00+01:00;0.49;0.01;0.2;0.13;0.19;-0.07
SO2;uur;µg/m³;2024-06-12T06:00:00+01:00;2024-06-12T07:00:00+01:00;0.95;0.03;0.22;0.14;0.22;-0.05
SO2;uur;µg/m³;2024-06-12T07:00:00+01:00;2024-06-12T08:00:00+01:00;1.1;0.11;0.21;0.16;0.29;-0.05
SO2;uur;µg/m³;2024-06-12T08:00:00+01:00;2024-06-12T09:00:00+01:00;0.64;0.11;0.26;0.24;0.29;-0.06
SO2;uur;µg/m³;2024-06-12T09:00:00+01:00;2024-06-12T10:00:00+01:00;0.52;2.49;0.26;1.43;0.3;-0.1
SO2;uur;µg/m³;2024-06-12T10:00:00+01:00;2024-06-12T11:00:00+01:00;0.38;0.19;0.3;0.84;0.26;-0.08
SO2;uur;µg/m³;2024-06-12T11:00:00+01:00;2024-06-12T12:00:00+01:00;0.3;0.09;0.25;0.67;0.27;-0.02
SO2;uur;µg/m³;2024-06-12T12:00:00+01:00;2024-06-12T13:00:00+01:00;0.28;0.12;0.31;0.63;0.25;-0.01
SO2;uur;µg/m³;2024-06-12T13:00:00+01:00;2024-06-12T14:00:00+01:00;0.31;0.12;0.29;0.65;0.25;0
SO2;uur;µg/m³;2024-06-12T14:00:00+01:00;2024-06-12T15:00:00+01:00;0.26;0.11;0.33;0.3;0.26;-0.01
SO2;uur;µg/m³;2024-06-12T15:00:00+01:00;2024-06-12T16:00:00+01:00;0.27;0.15;0.32;0.81;0.31;0.01
SO2;uur;µg/m³;2024-06-12T16:00:00+01:00;2024-06-12T17:00:00+01:00;0.45;0.17;0.28;0.4;0.29;-0.01
SO2;uur;µg/m³;2024-06-12T17:00:00+01:00;2024-06-12T18:00:00+01:00;0.4;0.38;0.26;1.14;0.27;0
SO2;uur;µg/m³;2024-06-12T18:00:00+01:00;2024-06-12T19:00:00+01:00;0.33;0.23;0.22;0.66;0.25;-0.02
SO2;uur;µg/m³;2024-06-12T19:00:00+01:00;2024-06-12T20:00:00+01:00;0.27;0.14;0.25;0.18;0.24;-0.01
SO2;uur;µg/m³;2024-06-12T20:00:00+01:00;2024-06-12T21:00:00+01:00;0.18;0.21;0.26;0.21;0.22;-0.1
SO2;uur;µg/m³;2024-06-12T21:00:00+01:00;2024-06-12T22:00:00+01:00;0.14;0.2;0.34;0.18;0.24;-0.08
SO2;uur;µg/m³;2024-06-12T22:00:00+01:00;2024-06-12T23:00:00+01:00;0.13;0.11;0.33;0.18;0.21;-0.05
SO2;uur;µg/m³;2024-06-12T23:00:00+01:00;2024-06-13T00:00:00+01:00;0.11;0.27;0.23;0.15;0.21;-0.06
SO2;uur;µg/m³;2024-06-13T00:00:00+01:00;2024-06-13T01:00:00+01:00;0.12;0.28;0.28;0.13;0.22;-0.02
SO2;uur;µg/m³;2024-06-13T01:00:00+01:00;2024-06-13T02:00:00+01:00;0.1;0.24;0.33;0.16;0.23;-0.04
SO2;uur;µg/m³;2024-06-13T02:00:00+01:00;2024-06-13T03:00:00+01:00;0.11;0.3;0.39;0.15;0.17;0.09
SO2;uur;µg/m³;2024-06-13T03:00:00+01:00;2024-06-13T04:00:00+01:00;0.1;0.26;0.51;0.18;0.19;0.2
SO2;uur;µg/m³;2024-06-13T04:00:00+01:00;2024-06-13T05:00:00+01:00;0.24;0.04;0.73;-0.12;0.08;0.03
SO2;uur;µg/m³;2024-06-13T05:00:00+01:00;2024-06-13T06:00:00+01:00;0.24;0.22;2;-0.08;0.06;-0.01
SO2;uur;µg/m³;2024-06-13T06:00:00+01:00;2024-06-13T07:00:00+01:00;0.36;0.53;5.13;0.07;0.11;-0.01
SO2;uur;µg/m³;2024-06-13T07:00:00+01:00;2024-06-13T08:00:00+01:00;0.42;0.55;4.69;0.64;0.21;-0.05
SO2;uur;µg/m³;2024-06-13T08:00:00+01:00;2024-06-13T09:00:00+01:00;0.6;0.49;3.02;1.98;0.74;0
SO2;uur;µg/m³;2024-06-13T09:00:00+01:00;2024-06-13T10:00:00+01:00;0.6;0.31;3.33;1.42;1.51;0.16
SO2;uur;µg/m³;2024-06-13T10:00:00+01:00;2024-06-13T11:00:00+01:00;0.54;0.16;1.61;0.37;1.31;0.23
SO2;uur;µg/m³;2024-06-13T11:00:00+01:00;2024-06-13T12:00:00+01:00;0.47;0.05;2.41;0.27;0.64;0.45
SO2;uur;µg/m³;2024-06-13T12:00:00+01:00;2024-06-13T13:00:00+01:00;0.36;-0.06;0.86;0.47;0.47;0.59
SO2;uur;µg/m³;2024-06-13T13:00:00+01:00;2024-06-13T14:00:00+01:00;0.35;-0.03;0.52;0.41;0.44;0.63
SO2;uur;µg/m³;2024-06-13T14:00:00+01:00;2024-06-13T15:00:00+01:00;0.39;-0.09;0.53;0.29;0.36;0.57
SO2;uur;µg/m³;2024-06-13T15:00:00+01:00;2024-06-13T16:00:00+01:00;0.34;-0.09;0.38;0.36;0.33;0.59
SO2;uur;µg/m³;2024-06-13T16:00:00+01:00;2024-06-13T17:00:00+01:00;0.32;-0.08;0.73;0.42;0.28;0.36
SO2;uur;µg/m³;2024-06-13T17:00:00+01:00;2024-06-13T18:00:00+01:00;0.3;-0.08;0.56;0.34;0.24;0.34
SO2;uur;µg/m³;2024-06-13T18:00:00+01:00;2024-06-13T19:00:00+01:00;0.27;-0.05;0.5;0.33;0.25;0.32
SO2;uur;µg/m³;2024-06-13T19:00:00+01:00;2024-06-13T20:00:00+01:00;0.29;0.02;0.55;0.33;0.29;0.18
SO2;uur;µg/m³;2024-06-13T20:00:00+01:00;2024-06-13T21:00:00+01:00;0.33;0.03;0.5;0.35;0.29;0.14
SO2;uur;µg/m³;2024-06-13T21:00:00+01:00;2024-06-13T22:00:00+01:00;0.32;0.16;0.32;0.21;0.76;0.17
SO2;uur;µg/m³;2024-06-13T22:00:00+01:00;2024-06-13T23:00:00+01:00;0.42;0.44;0.32;0.08;1.05;0.23
SO2;uur;µg/m³;2024-06-13T23:00:00+01:00;2024-06-14T00:00:00+01:00;0.41;0.36;0.44;0.2;1.12;0.18
SO2;uur;µg/m³;2024-06-14T00:00:00+01:00;2024-06-14T01:00:00+01:00;0.39;0.07;0.64;0.06;1.78;0.09
SO2;uur;µg/m³;2024-06-14T01:00:00+01:00;2024-06-14T02:00:00+01:00;0.38;-0.05;0.66;0.07;3.04;0.13
SO2;uur;µg/m³;2024-06-14T02:00:00+01:00;2024-06-14T03:00:00+01:00;0.35;-0.11;0.4;0.1;3.87;0.17
SO2;uur;µg/m³;2024-06-14T03:00:00+01:00;2024-06-14T04:00:00+01:00;0.36;-0.13;0.68;0.21;5.49;0.15
SO2;uur;µg/m³;2024-06-14T04:00:00+01:00;2024-06-14T05:00:00+01:00;0.19;0.35;1.5;0.33;6.07;-0.17
SO2;uur;µg/m³;2024-06-14T05:00:00+01:00;2024-06-14T06:00:00+01:00;0.18;0.11;1.24;0.49;1.85;-0.09
SO2;uur;µg/m³;2024-06-14T06:00:00+01:00;2024-06-14T07:00:00+01:00;0.15;0.08;0.81;0.44;0.91;0.09
SO2;uur;µg/m³;2024-06-14T07:00:00+01:00;2024-06-14T08:00:00+01:00;0.19;0.16;0.68;0.27;0.74;0.08
SO2;uur;µg/m³;2024-06-14T08:00:00+01:00;2024-06-14T09:00:00+01:00;0.19;0.04;0.51;0.23;0.94;0.03
SO2;uur;µg/m³;2024-06-14T09:00:00+01:00;2024-06-14T10:00:00+01:00;0.17;0.03;0.49;0.23;1.5;-0.1
SO2;uur;µg/m³;2024-06-14T10:00:00+01:00;2024-06-14T11:00:00+01:00;0.14;0;0.37;0.24;1.27;-0.16
SO2;uur;µg/m³;2024-06-14T11:00:00+01:00;2024-06-14T12:00:00+01:00;0.2;0.03;0.31;0.22;0.7;-0.21
SO2;uur;µg/m³;2024-06-14T12:00:00+01:00;2024-06-14T13:00:00+01:00;0.15;0.05;0.51;0.2;0.69;-0.2
SO2;uur;µg/m³;2024-06-14T13:00:00+01:00;2024-06-14T14:00:00+01:00;0.14;0.1;0.67;0.18;0.5;-0.15
SO2;uur;µg/m³;2024-06-14T14:00:00+01:00;2024-06-14T15:00:00+01:00;0.16;0.08;0.42;0.12;0.48;-0.2
SO2;uur;µg/m³;2024-06-14T15:00:00+01:00;2024-06-14T16:00:00+01:00;0.21;0.17;0.3;0.18;0.52;-0.2
SO2;uur;µg/m³;2024-06-14T16:00:00+01:00;2024-06-14T17:00:00+01:00;0.3;0.09;0.7;0.22;1.38;-0.24
SO2;uur;µg/m³;2024-06-14T17:00:00+01:00;2024-06-14T18:00:00+01:00;0.32;0.17;0.99;0.24;0.66;-0.27
SO2;uur;µg/m³;2024-06-14T18:00:00+01:00;2024-06-14T19:00:00+01:00;0.26;0.08;1.03;0.22;0.4;-0.29
SO2;uur;µg/m³;2024-06-14T19:00:00+01:00;2024-06-14T20:00:00+01:00;0.23;-0.01;1.05;0.24;0.35;-0.31
SO2;uur;µg/m³;2024-06-14T20:00:00+01:00;2024-06-14T21:00:00+01:00;0.17;-0.04;0.64;0.2;0.31;-0.25
SO2;uur;µg/m³;2024-06-14T21:00:00+01:00;2024-06-14T22:00:00+01:00;0.17;-0.03;0.5;0.18;0.4;-0.27
SO2;uur;µg/m³;2024-06-14T22:00:00+01:00;2024-06-14T23:00:00+01:00;0.12;0;0.42;0.13;0.39;-0.3
SO2;uur;µg/m³;2024-06-14T23:00:00+01:00;2024-06-15T00:00:00+01:00;0.12;-0.01;0.33;0.11;0.28;-0.3
SO2;uur;µg/m³;2024-06-15T00:00:00+01:00;2024-06-15T01:00:00+01:00;0.08;-0.06;0.37;0.1;0.27;-0.24
SO2;uur;µg/m³;2024-06-15T01:00:00+01:00;2024-06-15T02:00:00+01:00;0.07;-0.03;0.26;0.07;0.22;-0.24
SO2;uur;µg/m³;2024-06-15T02:00:00+01:00;2024-06-15T03:00:00+01:00;0.1;-0.01;0.25;0.16;0.22;-0.24
SO2;uur;µg/m³;2024-06-15T03:00:00+01:00;2024-06-15T04:00:00+01:00;0.1;-0.01;0.39;0.37;0.2;-0.36
SO2;uur;µg/m³;2024-06-15T04:00:00+01:00;2024-06-15T05:00:00+01:00;-0.01;0.07;0.54;0.51;0.31;0
SO2;uur;µg/m³;2024-06-15T05:00:00+01:00;2024-06-15T06:00:00+01:00;-0.01;-0.03;0.41;0.52;0.31;-0.11
SO2;uur;µg/m³;2024-06-15T06:00:00+01:00;2024-06-15T07:00:00+01:00;-0.03;0.04;0.27;0.37;0.26;-0.06
SO2;uur;µg/m³;2024-06-15T07:00:00+01:00;2024-06-15T08:00:00+01:00;-0.06;0.11;0.28;0.32;0.31;-0.1
SO2;uur;µg/m³;2024-06-15T08:00:00+01:00;2024-06-15T09:00:00+01:00;-0.02;0.16;0.49;0.31;0.25;-0.08
SO2;uur;µg/m³;2024-06-15T09:00:00+01:00;2024-06-15T10:00:00+01:00;-0.01;0.15;0.38;0.31;0.3;-0.12
SO2;uur;µg/m³;2024-06-15T10:00:00+01:00;2024-06-15T11:00:00+01:00;-0.02;0.16;0.48;0.35;0.29;-0.1
SO2;uur;µg/m³;2024-06-15T11:00:00+01:00;2024-06-15T12:00:00+01:00;-0.01;0.15;0.53;0.32;0.31;-0.08
SO2;uur;µg/m³;2024-06-15T12:00:00+01:00;2024-06-15T13:00:00+01:00;0;0.1;0.79;0.44;0.33;-0.08
SO2;uur;µg/m³;2024-06-15T13:00:00+01:00;2024-06-15T14:00:00+01:00;0.03;0.12;0.71;0.42;0.4;-0.07
SO2;uur;µg/m³;2024-06-15T14:00:00+01:00;2024-06-15T15:00:00+01:00;-0.01;0.15;0.69;0.45;0.41;-0.07
SO2;uur;µg/m³;2024-06-15T15:00:00+01:00;2024-06-15T16:00:00+01:00;0.05;0.09;0.58;0.91;0.37;0.1
SO2;uur;µg/m³;2024-06-15T16:00:00+01:00;2024-06-15T17:00:00+01:00;0.06;0.07;0.51;0.57;0.4;-0.07
SO2;uur;µg/m³;2024-06-15T17:00:00+01:00;2024-06-15T18:00:00+01:00;0.04;0.05;0.58;0.51;0.38;-0.05
SO2;uur;µg/m³;2024-06-15T18:00:00+01:00;2024-06-15T19:00:00+01:00;0.03;0.1;0.75;0.3;0.36;0
SO2;uur;µg/m³;2024-06-15T19:00:00+01:00;2024-06-15T20:00:00+01:00;0.07;0.05;0.93;0.31;0.35;-0.02
SO2;uur;µg/m³;2024-06-15T20:00:00+01:00;2024-06-15T21:00:00+01:00;0.11;0.09;0.81;0.45;0.3;-0.03
SO2;uur;µg/m³;2024-06-15T21:00:00+01:00;2024-06-15T22:00:00+01:00;0.13;0.11;0.7;0.7;0.32;-0.04
SO2;uur;µg/m³;2024-06-15T22:00:00+01:00;2024-06-15T23:00:00+01:00;0.13;0.04;0.62;0.67;0.34;-0.04
SO2;uur;µg/m³;2024-06-15T23:00:00+01:00;2024-06-16T00:00:00+01:00;0;0.07;0.79;0.64;0.34;-0.03
SO2;uur;µg/m³;2024-06-16T00:00:00+01:00;2024-06-16T01:00:00+01:00;-0.01;0.05;0.77;0.59;0.3;0.01
SO2;uur;µg/m³;2024-06-16T01:00:00+01:00;2024-06-16T02:00:00+01:00;-0.01;0.05;0.62;0.59;0.33;0.01
SO2;uur;µg/m³;2024-06-16T02:00:00+01:00;2024-06-16T03:00:00+01:00;-0.02;0.06;0.61;0.52;0.31;-0.02
SO2;uur;µg/m³;2024-06-16T03:00:00+01:00;2024-06-16T04:00:00+01:00;0.05;-0.03;0.6;0.51;0.26;-0.01
SO2;uur;µg/m³;2024-06-16T04:00:00+01:00;2024-06-16T05:00:00+01:00;0.16;0.21;0.64;0.51;0.31;-0.01
SO2;uur;µg/m³;2024-06-16T05:00:00+01:00;2024-06-16T06:00:00+01:00;0.12;0.2;0.88;0.36;0.27;-0.04
SO2;uur;µg/m³;2024-06-16T06:00:00+01:00;2024-06-16T07:00:00+01:00;0.12;0.2;0.82;0.48;0.33;-0.02
SO2;uur;µg/m³;2024-06-16T07:00:00+01:00;2024-06-16T08:00:00+01:00;0.13;0.2;1.12;0.33;0.35;0.01
SO2;uur;µg/m³;2024-06-16T08:00:00+01:00;2024-06-16T09:00:00+01:00;0.12;0.2;0.82;0.27;0.35;0.01
SO2;uur;µg/m³;2024-06-16T09:00:00+01:00;2024-06-16T10:00:00+01:00;0.11;0.16;0.76;0.27;0.38;-0.04
SO2;uur;µg/m³;2024-06-16T10:00:00+01:00;2024-06-16T11:00:00+01:00;0.13;0.2;0.49;0.37;0.32;0
SO2;uur;µg/m³;2024-06-16T11:00:00+01:00;2024-06-16T12:00:00+01:00;0.13;0.23;0.42;0.21;0.32;0
SO2;uur;µg/m³;2024-06-16T12:00:00+01:00;2024-06-16T13:00:00+01:00;0.14;0.21;1.98;0.28;0.32;-0.02
SO2;uur;µg/m³;2024-06-16T13:00:00+01:00;2024-06-16T14:00:00+01:00;0.12;0.22;0.88;0.22;0.31;-0.02
SO2;uur;µg/m³;2024-06-16T14:00:00+01:00;2024-06-16T15:00:00+01:00;0.1;0.25;0.48;0.15;0.33;-0.05
SO2;uur;µg/m³;2024-06-16T15:00:00+01:00;2024-06-16T16:00:00+01:00;0.11;0.24;0.52;0.23;0.34;-0.08
SO2;uur;µg/m³;2024-06-16T16:00:00+01:00;2024-06-16T17:00:00+01:00;0.08;0.26;0.69;0.23;0.32;-0.05
SO2;uur;µg/m³;2024-06-16T17:00:00+01:00;2024-06-16T18:00:00+01:00;0.11;0.3;0.55;0.52;0.29;-0.04
SO2;uur;µg/m³;2024-06-16T18:00:00+01:00;2024-06-16T19:00:00+01:00;0.17;0.28;0.44;0.52;0.31;-0.04
SO2;uur;µg/m³;2024-06-16T19:00:00+01:00;2024-06-16T20:00:00+01:00;0.15;0.28;0.39;0.74;0.3;-0.05
SO2;uur;µg/m³;2024-06-16T20:00:00+01:00;2024-06-16T21:00:00+01:00;0.14;0.31;0.39;0.55;0.29;-0.06
SO2;uur;µg/m³;2024-06-16T21:00:00+01:00;2024-06-16T22:00:00+01:00;0.1;0.28;0.33;0.37;0.26;-0.07
SO2;uur;µg/m³;2024-06-16T22:00:00+01:00;2024-06-16T23:00:00+01:00;0.1;0.22;0.32;0.54;0.26;-0.04
SO2;uur;µg/m³;2024-06-16T23:00:00+01:00;2024-06-17T00:00:00+01:00;0.1;0.2;0.4;0.32;0.29;-0.09
SO2;uur;µg/m³;2024-06-17T00:00:00+01:00;2024-06-17T01:00:00+01:00;0.08;0.43;0.64;0.34;0.29;-0.03
SO2;uur;µg/m³;2024-06-17T01:00:00+01:00;2024-06-17T02:00:00+01:00;0.05;0.55;0.86;0.34;0.3;-0.04
SO2;uur;µg/m³;2024-06-17T02:00:00+01:00;2024-06-17T03:00:00+01:00;0.03;0.58;0.63;0.33;0.27;-0.02
SO2;uur;µg/m³;2024-06-17T03:00:00+01:00;2024-06-17T04:00:00+01:00;0.1;0.56;0.54;0.33;0.25;0
SO2;uur;µg/m³;2024-06-17T04:00:00+01:00;2024-06-17T05:00:00+01:00;0.02;0.06;0.7;0.41;0.23;0.33
SO2;uur;µg/m³;2024-06-17T05:00:00+01:00;2024-06-17T06:00:00+01:00;0.07;-0.01;0.88;0.45;0.24;0.34
SO2;uur;µg/m³;2024-06-17T06:00:00+01:00;2024-06-17T07:00:00+01:00;;;;;;
SO2;uur;µg/m³;2024-06-17T07:00:00+01:00;2024-06-17T08:00:00+01:00;0.51;0.63;1.35;0.83;1.57;0.82
SO2;uur;µg/m³;2024-06-17T08:00:00+01:00;2024-06-17T09:00:00+01:00;0.31;0.49;0.83;1.5;0.95;0.85
SO2;uur;µg/m³;2024-06-17T09:00:00+01:00;2024-06-17T10:00:00+01:00;0.16;0.34;0.71;1.28;0.7;0.64
SO2;uur;µg/m³;2024-06-17T10:00:00+01:00;2024-06-17T11:00:00+01:00;0.15;0.26;0.65;1.25;0.83;0.61
SO2;uur;µg/m³;2024-06-17T11:00:00+01:00;2024-06-17T12:00:00+01:00;0.12;0.18;0.67;0.87;0.82;0.57
SO2;uur;µg/m³;2024-06-17T12:00:00+01:00;2024-06-17T13:00:00+01:00;0.1;0.13;0.71;0.94;0.73;0.65
SO2;uur;µg/m³;2024-06-17T13:00:00+01:00;2024-06-17T14:00:00+01:00;0.1;0.7;0.71;0.51;0.66;0.57
SO2;uur;µg/m³;2024-06-17T14:00:00+01:00;2024-06-17T15:00:00+01:00;0.23;1.24;0.8;0.29;0.56;0.44
SO2;uur;µg/m³;2024-06-17T15:00:00+01:00;2024-06-17T16:00:00+01:00;0.16;1.47;0.5;0.28;0.54;0.4
SO2;uur;µg/m³;2024-06-17T16:00:00+01:00;2024-06-17T17:00:00+01:00;0.14;1.03;0.43;0.39;0.52;0.41
SO2;uur;µg/m³;2024-06-17T17:00:00+01:00;2024-06-17T18:00:00+01:00;0.15;1.15;0.47;1.46;0.48;0.4
SO2;uur;µg/m³;2024-06-17T18:00:00+01:00;2024-06-17T19:00:00+01:00;0.11;0.38;0.49;1.88;0.48;0.3
SO2;uur;µg/m³;2024-06-17T19:00:00+01:00;2024-06-17T20:00:00+01:00;0.1;0.31;0.42;1.13;0.4;0.3
SO2;uur;µg/m³;2024-06-17T20:00:00+01:00;2024-06-17T21:00:00+01:00;0.09;0.21;0.49;1.18;0.41;0.25
SO2;uur;µg/m³;2024-06-17T21:00:00+01:00;2024-06-17T22:00:00+01:00;0.04;0.15;0.39;0.56;0.35;0.29
SO2;uur;µg/m³;2024-06-17T22:00:00+01:00;2024-06-17T23:00:00+01:00;0.07;0.11;0.27;0.42;0.36;0.25
SO2;uur;µg/m³;2024-06-17T23:00:00+01:00;2024-06-18T00:00:00+01:00;0.07;0.04;0.27;0.3;0.32;0.22
SO2;uur;µg/m³;2024-06-18T00:00:00+01:00;2024-06-18T01:00:00+01:00;0.06;0.02;0.31;0.17;0.33;0.24
SO2;uur;µg/m³;2024-06-18T01:00:00+01:00;2024-06-18T02:00:00+01:00;0.05;0.11;0.26;0.18;0.29;0.21
SO2;uur;µg/m³;2024-06-18T02:00:00+01:00;2024-06-18T03:00:00+01:00;0.06;0.51;0.19;0.15;0.34;0.26
SO2;uur;µg/m³;2024-06-18T03:00:00+01:00;2024-06-18T04:00:00+01:00;0.05;0.52;0.26;0.17;0.28;0.28
SO2;uur;µg/m³;2024-06-18T04:00:00+01:00;2024-06-18T05:00:00+01:00;0.01;0.58;0.16;0.13;0.27;0.45
SO2;uur;µg/m³;2024-06-18T05:00:00+01:00;2024-06-18T06:00:00+01:00;0;0.49;0.2;0.2;0.31;0.5
SO2;uur;µg/m³;2024-06-18T06:00:00+01:00;2024-06-18T07:00:00+01:00;0.04;0.57;0.43;0.36;0.33;0.54
SO2;uur;µg/m³;2024-06-18T07:00:00+01:00;2024-06-18T08:00:00+01:00;0.14;0.63;0.6;0.42;0.54;0.84
SO2;uur;µg/m³;2024-06-18T08:00:00+01:00;2024-06-18T09:00:00+01:00;0.2;0.73;0.89;0.52;0.58;1.88
SO2;uur;µg/m³;2024-06-18T09:00:00+01:00;2024-06-18T10:00:00+01:00;0.26;0.75;0.87;0.51;0.64;1.7
SO2;uur;µg/m³;2024-06-18T10:00:00+01:00;2024-06-18T11:00:00+01:00;0.23;1.21;0.58;0.4;0.95;1.43
SO2;uur;µg/m³;2024-06-18T11:00:00+01:00;2024-06-18T12:00:00+01:00;0.19;1.22;2.22;0.36;;1.07
SO2;uur;µg/m³;2024-06-18T12:00:00+01:00;2024-06-18T13:00:00+01:00;0.16;0.61;2.66;0.44;;1
SO2;uur;µg/m³;2024-06-18T13:00:00+01:00;2024-06-18T14:00:00+01:00;0.15;0.52;2.55;0.45;;1.28
SO2;uur;µg/m³;2024-06-18T14:00:00+01:00;2024-06-18T15:00:00+01:00;0.18;0.46;1.88;0.25;;1.31
SO2;uur;µg/m³;2024-06-18T15:00:00+01:00;2024-06-18T16:00:00+01:00;0.17;0.4;1.31;0.18;;1.23
SO2;uur;µg/m³;2024-06-18T16:00:00+01:00;2024-06-18T17:00:00+01:00;0.15;0.38;1.04;0.13;;0.98
SO2;uur;µg/m³;2024-06-18T17:00:00+01:00;2024-06-18T18:00:00+01:00;0.12;0.42;0.89;0.09;;0.9
SO2;uur;µg/m³;2024-06-18T18:00:00+01:00;2024-06-18T19:00:00+01:00;0.11;0.4;0.79;0.06;;0.84
SO2;uur;µg/m³;2024-06-18T19:00:00+01:00;2024-06-18T20:00:00+01:00;0.08;0.53;0.45;-0.01;1.06;0.77
SO2;uur;µg/m³;2024-06-18T20:00:00+01:00;2024-06-18T21:00:00+01:00;0.08;0.68;0.37;0.02;0.78;0.56
SO2;uur;µg/m³;2024-06-18T21:00:00+01:00;2024-06-18T22:00:00+01:00;0.05;0.5;0.31;0.02;0.63;0.41
SO2;uur;µg/m³;2024-06-18T22:00:00+01:00;2024-06-18T23:00:00+01:00;0.12;0.58;0.33;-0.02;0.56;0.37
SO2;uur;µg/m³;2024-06-18T23:00:00+01:00;2024-06-19T00:00:00+01:00;0.1;0.66;0.38;0.04;0.52;0.34
SO2;uur;µg/m³;2024-06-19T00:00:00+01:00;2024-06-19T01:00:00+01:00;0.24;0.59;1.56;0.01;0.53;0.32
SO2;uur;µg/m³;2024-06-19T01:00:00+01:00;2024-06-19T02:00:00+01:00;0.27;0.61;2.02;0.02;0.52;0.28
SO2;uur;µg/m³;2024-06-19T02:00:00+01:00;2024-06-19T03:00:00+01:00;0.17;0.57;2.84;0.04;0.52;0.3
SO2;uur;µg/m³;2024-06-19T03:00:00+01:00;2024-06-19T04:00:00+01:00;0.09;0.5;1.04;0.02;0.47;0.24
SO2;uur;µg/m³;2024-06-19T04:00:00+01:00;2024-06-19T05:00:00+01:00;-0.03;0.64;0.55;0.08;0.06;0.18
SO2;uur;µg/m³;2024-06-19T05:00:00+01:00;2024-06-19T06:00:00+01:00;-0.08;0.6;0.59;0.09;0.01;0.21
SO2;uur;µg/m³;2024-06-19T06:00:00+01:00;2024-06-19T07:00:00+01:00;-0.08;0.52;1.93;0.14;0.07;0.24
SO2;uur;µg/m³;2024-06-19T07:00:00+01:00;2024-06-19T08:00:00+01:00;-0.07;0.52;0.8;0.16;0.03;0.26
SO2;uur;µg/m³;2024-06-19T08:00:00+01:00;2024-06-19T09:00:00+01:00;-0.07;1.04;1.11;0.19;0.1;0.24
SO2;uur;µg/m³;2024-06-19T09:00:00+01:00;2024-06-19T10:00:00+01:00;-0.03;1.66;0.74;0.19;0.09;0.21
SO2;uur;µg/m³;2024-06-19T10:00:00+01:00;2024-06-19T11:00:00+01:00;-0.09;1.78;0.37;0.22;0.05;0.21
SO2;uur;µg/m³;2024-06-19T11:00:00+01:00;2024-06-19T12:00:00+01:00;-0.07;1.3;0.33;0.21;0.05;0.23
SO2;uur;µg/m³;2024-06-19T12:00:00+01:00;2024-06-19T13:00:00+01:00;-0.01;0.68;0.3;0.17;0.06;0.19
SO2;uur;µg/m³;2024-06-19T13:00:00+01:00;2024-06-19T14:00:00+01:00;-0.01;0.95;0.33;0.18;0.05;0.24
SO2;uur;µg/m³;2024-06-19T14:00:00+01:00;2024-06-19T15:00:00+01:00;-0.01;0.86;0.3;0.17;0.05;0.32
SO2;uur;µg/m³;2024-06-19T15:00:00+01:00;2024-06-19T16:00:00+01:00;-0.02;0.83;0.3;0.18;0.1;0.36
SO2;uur;µg/m³;2024-06-19T16:00:00+01:00;2024-06-19T17:00:00+01:00;0.02;0.94;0.4;0.18;0.09;0.37
SO2;uur;µg/m³;2024-06-19T17:00:00+01:00;2024-06-19T18:00:00+01:00;0.1;0.64;0.42;0.2;0.11;0.4
SO2;uur;µg/m³;2024-06-19T18:00:00+01:00;2024-06-19T19:00:00+01:00;0.16;0.49;0.4;0.21;0.13;0.55
SO2;uur;µg/m³;2024-06-19T19:00:00+01:00;2024-06-19T20:00:00+01:00;0;0.55;0.45;0.19;0.05;0.43
SO2;uur;µg/m³;2024-06-19T20:00:00+01:00;2024-06-19T21:00:00+01:00;-0.09;0.56;0.54;0.22;0.07;0.32
SO2;uur;µg/m³;2024-06-19T21:00:00+01:00;2024-06-19T22:00:00+01:00;-0.09;0.78;1.52;0.16;0.11;0.26
SO2;uur;µg/m³;2024-06-19T22:00:00+01:00;2024-06-19T23:00:00+01:00;-0.12;0.91;1.01;0.15;0.1;0.26
SO2;uur;µg/m³;2024-06-19T23:00:00+01:00;2024-06-20T00:00:00+01:00;-0.11;0.91;0.42;0.15;0.13;0.28
SO2;uur;µg/m³;2024-06-20T00:00:00+01:00;2024-06-20T01:00:00+01:00;-0.13;0.98;0.31;0.13;0.06;0.21
SO2;uur;µg/m³;2024-06-20T01:00:00+01:00;2024-06-20T02:00:00+01:00;-0.14;0.76;0.25;0.16;0.05;0.2
SO2;uur;µg/m³;2024-06-20T02:00:00+01:00;2024-06-20T03:00:00+01:00;-0.16;0.6;0.2;0.11;0.08;0.16
SO2;uur;µg/m³;2024-06-20T03:00:00+01:00;2024-06-20T04:00:00+01:00;-0.15;0.5;0.23;0.09;0.06;0.2
SO2;uur;µg/m³;2024-06-20T04:00:00+01:00;2024-06-20T05:00:00+01:00;-0.12;0.09;0.01;0.36;-0.01;0.05
SO2;uur;µg/m³;2024-06-20T05:00:00+01:00;2024-06-20T06:00:00+01:00;0.03;0.11;-0.02;0.4;0.03;0.16
SO2;uur;µg/m³;2024-06-20T06:00:00+01:00;2024-06-20T07:00:00+01:00;0.2;0.14;0.07;0.39;0.21;0.16
SO2;uur;µg/m³;2024-06-20T07:00:00+01:00;2024-06-20T08:00:00+01:00;0.94;0.39;0.49;0.59;0.31;0.08
SO2;uur;µg/m³;2024-06-20T08:00:00+01:00;2024-06-20T09:00:00+01:00;2.93;0.67;0.51;0.68;0.33;0.16
SO2;uur;µg/m³;2024-06-20T09:00:00+01:00;2024-06-20T10:00:00+01:00;2.73;0.89;0.53;0.67;0.43;0.29
SO2;uur;µg/m³;2024-06-20T10:00:00+01:00;2024-06-20T11:00:00+01:00;2.03;0.75;0.59;0.77;0.38;0.2
SO2;uur;µg/m³;2024-06-20T11:00:00+01:00;2024-06-20T12:00:00+01:00;1.66;0.87;0.71;0.88;0.3;0.22
SO2;uur;µg/m³;2024-06-20T12:00:00+01:00;2024-06-20T13:00:00+01:00;1.69;0.85;0.76;0.74;0.24;0.2
SO2;uur;µg/m³;2024-06-20T13:00:00+01:00;2024-06-20T14:00:00+01:00;0.85;1.09;0.51;0.72;0.21;0.29
SO2;uur;µg/m³;2024-06-20T14:00:00+01:00;2024-06-20T15:00:00+01:00;0.4;1.19;0.53;0.73;0.18;0.34
SO2;uur;µg/m³;2024-06-20T15:00:00+01:00;2024-06-20T16:00:00+01:00;0.23;1.01;0.56;0.67;0.16;0.31
SO2;uur;µg/m³;2024-06-20T16:00:00+01:00;2024-06-20T17:00:00+01:00;0.21;1.01;0.47;0.56;0.19;0.18
SO2;uur;µg/m³;2024-06-20T17:00:00+01:00;2024-06-20T18:00:00+01:00;0.19;1.22;0.42;0.55;0.18;0.18
SO2;uur;µg/m³;2024-06-20T18:00:00+01:00;2024-06-20T19:00:00+01:00;0.21;0.98;0.36;0.52;0.17;0.18
SO2;uur;µg/m³;2024-06-20T19:00:00+01:00;2024-06-20T20:00:00+01:00;0.68;0.96;0.45;0.48;0.12;0.14
SO2;uur;µg/m³;2024-06-20T20:00:00+01:00;2024-06-20T21:00:00+01:00;0.85;0.77;0.17;0.45;0.13;0.22
SO2;uur;µg/m³;2024-06-20T21:00:00+01:00;2024-06-20T22:00:00+01:00;0.36;0.66;0;0.41;0.15;0.09
SO2;uur;µg/m³;2024-06-20T22:00:00+01:00;2024-06-20T23:00:00+01:00;0.12;0.57;-0.04;0.38;0.16;0.04
SO2;uur;µg/m³;2024-06-20T23:00:00+01:00;2024-06-21T00:00:00+01:00;0.07;0.41;-0.05;0.37;0.19;0.05
SO2;uur;µg/m³;2024-06-21T00:00:00+01:00;2024-06-21T01:00:00+01:00;0.04;0.44;-0.06;0.38;0.1;0.09
SO2;uur;µg/m³;2024-06-21T01:00:00+01:00;2024-06-21T02:00:00+01:00;-0.06;0.33;-0.08;0.33;0.06;0.05
SO2;uur;µg/m³;2024-06-21T02:00:00+01:00;2024-06-21T03:00:00+01:00;-0.07;0.35;-0.06;0.35;-0.02;0.07
SO2;uur;µg/m³;2024-06-21T03:00:00+01:00;2024-06-21T04:00:00+01:00;-0.08;0.33;-0.05;0.39;0.02;0.09
SO2;uur;µg/m³;2024-06-21T04:00:00+01:00;2024-06-21T05:00:00+01:00;0.26;0.48;0.3;0.05;0.12;0.23
SO2;uur;µg/m³;2024-06-21T05:00:00+01:00;2024-06-21T06:00:00+01:00;0.27;0.98;0.25;0.06;0.15;0.72
SO2;uur;µg/m³;2024-06-21T06:00:00+01:00;2024-06-21T07:00:00+01:00;0.27;1.52;0.37;0.1;0.24;0.99
SO2;uur;µg/m³;2024-06-21T07:00:00+01:00;2024-06-21T08:00:00+01:00;0.3;1.87;0.3;0.15;0.15;0.59
SO2;uur;µg/m³;2024-06-21T08:00:00+01:00;2024-06-21T09:00:00+01:00;0.54;2.53;0.4;0.15;0.2;0.46
SO2;uur;µg/m³;2024-06-21T09:00:00+01:00;2024-06-21T10:00:00+01:00;0.61;1.93;0.57;0.18;0.32;0.39
SO2;uur;µg/m³;2024-06-21T10:00:00+01:00;2024-06-21T11:00:00+01:00;0.71;0.91;1.12;0.24;0.2;0.48
SO2;uur;µg/m³;2024-06-21T11:00:00+01:00;2024-06-21T12:00:00+01:00;2.11;0.87;0.77;0.39;0.1;0.48
SO2;uur;µg/m³;2024-06-21T12:00:00+01:00;2024-06-21T13:00:00+01:00;1.58;1.31;0.76;0.37;0.09;0.44
SO2;uur;µg/m³;2024-06-21T13:00:00+01:00;2024-06-21T14:00:00+01:00;0.84;0.92;0.66;0.42;0.08;0.48
SO2;uur;µg/m³;2024-06-21T14:00:00+01:00;2024-06-21T15:00:00+01:00;0.63;0.56;0.47;0.6;0.03;0.36
SO2;uur;µg/m³;2024-06-21T15:00:00+01:00;2024-06-21T16:00:00+01:00;0.47;0.37;0.37;2;0.01;0.32
SO2;uur;µg/m³;2024-06-21T16:00:00+01:00;2024-06-21T17:00:00+01:00;0.37;0.26;0.42;0.47;0.01;0.31
SO2;uur;µg/m³;2024-06-21T17:00:00+01:00;2024-06-21T18:00:00+01:00;0.32;0.2;0.32;0.27;-0.02;0.25
SO2;uur;µg/m³;2024-06-21T18:00:00+01:00;2024-06-21T19:00:00+01:00;0.31;0.3;0.39;0.32;0.03;0.16
SO2;uur;µg/m³;2024-06-21T19:00:00+01:00;2024-06-21T20:00:00+01:00;0.29;0.22;0.41;0.4;-0.02;0.19
SO2;uur;µg/m³;2024-06-21T20:00:00+01:00;2024-06-21T21:00:00+01:00;0.3;0.08;0.35;0.34;-0.02;0.17
SO2;uur;µg/m³;2024-06-21T21:00:00+01:00;2024-06-21T22:00:00+01:00;0.28;0.15;0.2;0.14;-0.01;0.12
SO2;uur;µg/m³;2024-06-21T22:00:00+01:00;2024-06-21T23:00:00+01:00;0.25;0.09;0.19;0.04;-0.01;0.11
SO2;uur;µg/m³;2024-06-21T23:00:00+01:00;2024-06-22T00:00:00+01:00;0.25;0.03;0.24;0.14;-0.01;0.15
SO2;uur;µg/m³;2024-06-22T00:00:00+01:00;2024-06-22T01:00:00+01:00;0.24;0.07;0.39;0.17;-0.01;0.18
SO2;uur;µg/m³;2024-06-22T01:00:00+01:00;2024-06-22T02:00:00+01:00;0.28;0.09;0.44;0.28;0.04;0.31
SO2;uur;µg/m³;2024-06-22T02:00:00+01:00;2024-06-22T03:00:00+01:00;0.29;0.04;0.29;0.45;0.02;0.46
SO2;uur;µg/m³;2024-06-22T03:00:00+01:00;2024-06-22T04:00:00+01:00;0.28;0.03;0.27;0.61;0.05;0.22
SO2;uur;µg/m³;2024-06-22T04:00:00+01:00;2024-06-22T05:00:00+01:00;0.12;0.09;0.09;0.66;0.34;0.15
SO2;uur;µg/m³;2024-06-22T05:00:00+01:00;2024-06-22T06:00:00+01:00;0.1;0.09;0.15;0.67;0.33;0.24
SO2;uur;µg/m³;2024-06-22T06:00:00+01:00;2024-06-22T07:00:00+01:00;0.19;0.25;0.22;0.59;0.42;0.38
SO2;uur;µg/m³;2024-06-22T07:00:00+01:00;2024-06-22T08:00:00+01:00;0.3;0.46;0.25;0.49;0.6;0.52
SO2;uur;µg/m³;2024-06-22T08:00:00+01:00;2024-06-22T09:00:00+01:00;0.24;0.66;0.24;0.83;0.51;0.38
SO2;uur;µg/m³;2024-06-22T09:00:00+01:00;2024-06-22T10:00:00+01:00;0.27;0.75;0.2;0.9;0.44;0.29
SO2;uur;µg/m³;2024-06-22T10:00:00+01:00;2024-06-22T11:00:00+01:00;0.32;0.91;0.31;1.57;0.45;0.33
SO2;uur;µg/m³;2024-06-22T11:00:00+01:00;2024-06-22T12:00:00+01:00;0.38;0.57;0.35;2.21;0.44;0.38
SO2;uur;µg/m³;2024-06-22T12:00:00+01:00;2024-06-22T13:00:00+01:00;0.21;0.42;0.29;2.23;0.41;0.49
SO2;uur;µg/m³;2024-06-22T13:00:00+01:00;2024-06-22T14:00:00+01:00;0.27;0.18;0.24;1.92;0.42;0.64
SO2;uur;µg/m³;2024-06-22T14:00:00+01:00;2024-06-22T15:00:00+01:00;0.23;0.22;0.22;1.23;0.47;0.67
SO2;uur;µg/m³;2024-06-22T15:00:00+01:00;2024-06-22T16:00:00+01:00;0.2;0.1;0.21;1.8;0.45;0.46
SO2;uur;µg/m³;2024-06-22T16:00:00+01:00;2024-06-22T17:00:00+01:00;0.24;0.15;0.19;1.57;0.49;0.52
SO2;uur;µg/m³;2024-06-22T17:00:00+01:00;2024-06-22T18:00:00+01:00;0.22;0.38;0.22;1.3;0.48;0.48
SO2;uur;µg/m³;2024-06-22T18:00:00+01:00;2024-06-22T19:00:00+01:00;0.23;0.55;0.22;1.66;0.44;0.42
SO2;uur;µg/m³;2024-06-22T19:00:00+01:00;2024-06-22T20:00:00+01:00;0.19;1.35;0.18;1.11;0.39;0.35
SO2;uur;µg/m³;2024-06-22T20:00:00+01:00;2024-06-22T21:00:00+01:00;0.18;0.78;0.19;0.42;0.35;0.33
SO2;uur;µg/m³;2024-06-22T21:00:00+01:00;2024-06-22T22:00:00+01:00;0.11;0.47;0.2;0.33;0.37;0.27
SO2;uur;µg/m³;2024-06-22T22:00:00+01:00;2024-06-22T23:00:00+01:00;0.06;0.23;0.15;0.15;0.39;0.19
SO2;uur;µg/m³;2024-06-22T23:00:00+01:00;2024-06-23T00:00:00+01:00;0.04;0.16;0.11;0.09;0.34;0.16
SO2;uur;µg/m³;2024-06-23T00:00:00+01:00;2024-06-23T01:00:00+01:00;0.05;0.11;0.15;0.11;0.31;0.18
SO2;uur;µg/m³;2024-06-23T01:00:00+01:00;2024-06-23T02:00:00+01:00;0.03;0.16;0.03;0;0.33;0.29
SO2;uur;µg/m³;2024-06-23T02:00:00+01:00;2024-06-23T03:00:00+01:00;0.04;0.09;0.02;0.03;0.3;0.34
SO2;uur;µg/m³;2024-06-23T03:00:00+01:00;2024-06-23T04:00:00+01:00;0.05;0.31;0.02;0.01;0.28;0.29
SO2;uur;µg/m³;2024-06-23T04:00:00+01:00;2024-06-23T05:00:00+01:00;0.25;0.37;0.11;0.18;0.3;0.05
SO2;uur;µg/m³;2024-06-23T05:00:00+01:00;2024-06-23T06:00:00+01:00;0.27;0.34;0.19;0.3;0.31;0.07
SO2;uur;µg/m³;2024-06-23T06:00:00+01:00;2024-06-23T07:00:00+01:00;0.49;0.55;0.4;1.25;0.39;0.1
SO2;uur;µg/m³;2024-06-23T07:00:00+01:00;2024-06-23T08:00:00+01:00;0.83;0.9;0.76;3.18;0.68;0.16
SO2;uur;µg/m³;2024-06-23T08:00:00+01:00;2024-06-23T09:00:00+01:00;0.94;1.01;0.73;3.16;2.92;0.22
SO2;uur;µg/m³;2024-06-23T09:00:00+01:00;2024-06-23T10:00:00+01:00;1.02;1.06;0.72;1.5;3.02;0.14
SO2;uur;µg/m³;2024-06-23T10:00:00+01:00;2024-06-23T11:00:00+01:00;0.9;1.04;0.74;0.97;1.38;0.2
SO2;uur;µg/m³;2024-06-23T11:00:00+01:00;2024-06-23T12:00:00+01:00;0.68;0.96;0.75;0.83;1.12;0.23
SO2;uur;µg/m³;2024-06-23T12:00:00+01:00;2024-06-23T13:00:00+01:00;0.57;0.83;0.75;0.98;0.89;0.26
SO2;uur;µg/m³;2024-06-23T13:00:00+01:00;2024-06-23T14:00:00+01:00;0.57;1.02;0.7;2.13;0.73;0.25
SO2;uur;µg/m³;2024-06-23T14:00:00+01:00;2024-06-23T15:00:00+01:00;0.45;0.59;0.69;1.5;0.67;0.34
SO2;uur;µg/m³;2024-06-23T15:00:00+01:00;2024-06-23T16:00:00+01:00;0.38;0.46;0.72;1.08;0.72;0.41
SO2;uur;µg/m³;2024-06-23T16:00:00+01:00;2024-06-23T17:00:00+01:00;0.32;0.46;0.71;0.55;0.69;0.47
SO2;uur;µg/m³;2024-06-23T17:00:00+01:00;2024-06-23T18:00:00+01:00;0.34;0.41;0.6;0.59;0.66;0.47
SO2;uur;µg/m³;2024-06-23T18:00:00+01:00;2024-06-23T19:00:00+01:00;0.36;0.37;0.61;0.56;0.65;0.51
SO2;uur;µg/m³;2024-06-23T19:00:00+01:00;2024-06-23T20:00:00+01:00;0.4;0.39;0.7;0.42;0.68;0.37
SO2;uur;µg/m³;2024-06-23T20:00:00+01:00;2024-06-23T21:00:00+01:00;0.33;0.35;0.54;0.41;0.57;0.22
SO2;uur;µg/m³;2024-06-23T21:00:00+01:00;2024-06-23T22:00:00+01:00;0.32;0.3;0.23;0.36;0.51;0.09
SO2;uur;µg/m³;2024-06-23T22:00:00+01:00;2024-06-23T23:00:00+01:00;0.25;0.31;0.16;0.29;0.47;0.09
SO2;uur;µg/m³;2024-06-23T23:00:00+01:00;2024-06-24T00:00:00+01:00;0.27;0.31;0.17;0.19;0.4;0.02
SO2;uur;µg/m³;2024-06-24T00:00:00+01:00;2024-06-24T01:00:00+01:00;0.25;0.21;0.24;0.2;0.39;0.15
SO2;uur;µg/m³;2024-06-24T01:00:00+01:00;2024-06-24T02:00:00+01:00;0.25;0.21;0.2;0.17;0.36;0.02
SO2;uur;µg/m³;2024-06-24T02:00:00+01:00;2024-06-24T03:00:00+01:00;0.24;0.14;0.14;0.17;0.34;-0.01
SO2;uur;µg/m³;2024-06-24T03:00:00+01:00;2024-06-24T04:00:00+01:00;0.25;0.15;0.14;0.17;0.3;0.01
SO2;uur;µg/m³;2024-06-24T04:00:00+01:00;2024-06-24T05:00:00+01:00;0.11;-0.05;-0.05;0.24;0.21;0.16
SO2;uur;µg/m³;2024-06-24T05:00:00+01:00;2024-06-24T06:00:00+01:00;0.15;-0.02;-0.08;0.26;0.23;0.16
SO2;uur;µg/m³;2024-06-24T06:00:00+01:00;2024-06-24T07:00:00+01:00;;;;;;
SO2;uur;µg/m³;2024-06-24T07:00:00+01:00;2024-06-24T08:00:00+01:00;1.21;0.95;0.64;0.78;1.41;0.47
SO2;uur;µg/m³;2024-06-24T08:00:00+01:00;2024-06-24T09:00:00+01:00;2.51;0.8;0.48;1.09;1.17;0.45
SO2;uur;µg/m³;2024-06-24T09:00:00+01:00;2024-06-24T10:00:00+01:00;3.56;0.64;0.54;1.2;1.03;0.62
SO2;uur;µg/m³;2024-06-24T10:00:00+01:00;2024-06-24T11:00:00+01:00;2.72;0.53;0.54;1.46;0.78;0.5
SO2;uur;µg/m³;2024-06-24T11:00:00+01:00;2024-06-24T12:00:00+01:00;2.18;0.38;0.47;1.16;0.84;0.42
SO2;uur;µg/m³;2024-06-24T12:00:00+01:00;2024-06-24T13:00:00+01:00;1.7;3.21;0.56;0.93;0.82;0.41
SO2;uur;µg/m³;2024-06-24T13:00:00+01:00;2024-06-24T14:00:00+01:00;1.21;2.94;0.97;0.72;0.67;0.34
SO2;uur;µg/m³;2024-06-24T14:00:00+01:00;2024-06-24T15:00:00+01:00;1.04;0.94;4.83;0.68;0.57;0.32
SO2;uur;µg/m³;2024-06-24T15:00:00+01:00;2024-06-24T16:00:00+01:00;0.97;1.44;3.04;0.54;0.51;0.22
SO2;uur;µg/m³;2024-06-24T16:00:00+01:00;2024-06-24T17:00:00+01:00;;3.62;1.18;0.5;0.47;0.23
SO2;uur;µg/m³;2024-06-24T17:00:00+01:00;2024-06-24T18:00:00+01:00;0.69;4.41;0.76;0.54;0.47;0.3
SO2;uur;µg/m³;2024-06-24T18:00:00+01:00;2024-06-24T19:00:00+01:00;0.62;1.51;0.64;0.67;0.5;0.23
SO2;uur;µg/m³;2024-06-24T19:00:00+01:00;2024-06-24T20:00:00+01:00;0.88;0.5;0.51;0.93;0.52;0.23
SO2;uur;µg/m³;2024-06-24T20:00:00+01:00;2024-06-24T21:00:00+01:00;0.96;0.5;0.27;0.47;0.48;0.23
SO2;uur;µg/m³;2024-06-24T21:00:00+01:00;2024-06-24T22:00:00+01:00;0.51;1.31;0.21;0.42;0.49;0.2
SO2;uur;µg/m³;2024-06-24T22:00:00+01:00;2024-06-24T23:00:00+01:00;0.37;0.6;0.23;0.33;0.46;0.03
SO2;uur;µg/m³;2024-06-24T23:00:00+01:00;2024-06-25T00:00:00+01:00;0.3;0.57;0.29;0.31;0.42;0.14
SO2;uur;µg/m³;2024-06-25T00:00:00+01:00;2024-06-25T01:00:00+01:00;0.26;0.37;0.44;0.34;0.53;0.18
SO2;uur;µg/m³;2024-06-25T01:00:00+01:00;2024-06-25T02:00:00+01:00;0.22;0.4;0.26;0.32;0.53;0.08
SO2;uur;µg/m³;2024-06-25T02:00:00+01:00;2024-06-25T03:00:00+01:00;0.22;0.22;0.14;0.31;0.47;0.06
SO2;uur;µg/m³;2024-06-25T03:00:00+01:00;2024-06-25T04:00:00+01:00;0.19;0.34;0.09;0.36;0.35;0.08
SO2;uur;µg/m³;2024-06-25T04:00:00+01:00;2024-06-25T05:00:00+01:00;0.11;0.57;0.24;0.25;0.22;0.18
SO2;uur;µg/m³;2024-06-25T05:00:00+01:00;2024-06-25T06:00:00+01:00;0.16;0.57;0.34;0.32;0.28;0.51
SO2;uur;µg/m³;2024-06-25T06:00:00+01:00;2024-06-25T07:00:00+01:00;0.54;0.84;0.66;0.39;0.4;0.63
SO2;uur;µg/m³;2024-06-25T07:00:00+01:00;2024-06-25T08:00:00+01:00;2.29;2.05;1.08;0.61;0.62;0.78
SO2;uur;µg/m³;2024-06-25T08:00:00+01:00;2024-06-25T09:00:00+01:00;2.04;4.44;1.31;0.86;0.76;1
SO2;uur;µg/m³;2024-06-25T09:00:00+01:00;2024-06-25T10:00:00+01:00;2.7;3.6;0.93;0.95;0.74;1.35
SO2;uur;µg/m³;2024-06-25T10:00:00+01:00;2024-06-25T11:00:00+01:00;2.67;3.97;0.74;1.48;0.67;1.38
SO2;uur;µg/m³;2024-06-25T11:00:00+01:00;2024-06-25T12:00:00+01:00;2.32;3.1;0.92;2.05;0.91;1.23
SO2;uur;µg/m³;2024-06-25T12:00:00+01:00;2024-06-25T13:00:00+01:00;2.13;2.49;0.71;0.97;1.16;1.73
SO2;uur;µg/m³;2024-06-25T13:00:00+01:00;2024-06-25T14:00:00+01:00;1.36;1.64;0.75;1.32;1.06;1.45
SO2;uur;µg/m³;2024-06-25T14:00:00+01:00;2024-06-25T15:00:00+01:00;1.1;1.8;0.75;0.99;0.87;1.4
SO2;uur;µg/m³;2024-06-25T15:00:00+01:00;2024-06-25T16:00:00+01:00;1.28;1.71;0.87;0.93;0.7;1.11
SO2;uur;µg/m³;2024-06-25T16:00:00+01:00;2024-06-25T17:00:00+01:00;1.39;2.19;0.87;0.83;0.63;1.03
SO2;uur;µg/m³;2024-06-25T17:00:00+01:00;2024-06-25T18:00:00+01:00;1.87;2.27;0.81;0.63;0.67;1.06
SO2;uur;µg/m³;2024-06-25T18:00:00+01:00;2024-06-25T19:00:00+01:00;1.64;2.49;0.76;0.61;0.65;0.91
SO2;uur;µg/m³;2024-06-25T19:00:00+01:00;2024-06-25T20:00:00+01:00;0.83;1.98;0.6;0.57;0.57;0.88
SO2;uur;µg/m³;2024-06-25T20:00:00+01:00;2024-06-25T21:00:00+01:00;0.45;1.57;0.51;0.49;0.68;0.69
SO2;uur;µg/m³;2024-06-25T21:00:00+01:00;2024-06-25T22:00:00+01:00;0.29;1.43;0.48;0.42;0.75;0.53
SO2;uur;µg/m³;2024-06-25T22:00:00+01:00;2024-06-25T23:00:00+01:00;0.21;1.26;0.45;0.31;0.57;0.52
SO2;uur;µg/m³;2024-06-25T23:00:00+01:00;2024-06-26T00:00:00+01:00;0.17;1.23;0.41;0.25;0.51;0.46
SO2;uur;µg/m³;2024-06-26T00:00:00+01:00;2024-06-26T01:00:00+01:00;0.12;1.3;0.5;0.28;0.54;0.65
SO2;uur;µg/m³;2024-06-26T01:00:00+01:00;2024-06-26T02:00:00+01:00;0.11;1.03;0.49;0.27;0.44;0.66
SO2;uur;µg/m³;2024-06-26T02:00:00+01:00;2024-06-26T03:00:00+01:00;0.09;0.92;0.53;0.28;0.4;0.64
SO2;uur;µg/m³;2024-06-26T03:00:00+01:00;2024-06-26T04:00:00+01:00;0.11;0.82;0.54;0.2;0.35;0.68
SO2;uur;µg/m³;2024-06-26T04:00:00+01:00;2024-06-26T05:00:00+01:00;-0.1;0.2;0.6;0.05;0.17;0.93
SO2;uur;µg/m³;2024-06-26T05:00:00+01:00;2024-06-26T06:00:00+01:00;-0.09;0.13;0.61;0.21;0.32;1.01
SO2;uur;µg/m³;2024-06-26T06:00:00+01:00;2024-06-26T07:00:00+01:00;0.41;0.37;0.83;0.49;0.48;1.44
SO2;uur;µg/m³;2024-06-26T07:00:00+01:00;2024-06-26T08:00:00+01:00;1.56;0.62;1.06;1.15;0.63;1.68
SO2;uur;µg/m³;2024-06-26T08:00:00+01:00;2024-06-26T09:00:00+01:00;4.75;1.02;1.04;1.13;0.68;1.82
SO2;uur;µg/m³;2024-06-26T09:00:00+01:00;2024-06-26T10:00:00+01:00;5.94;1.84;1.24;0.93;0.76;1.77
SO2;uur;µg/m³;2024-06-26T10:00:00+01:00;2024-06-26T11:00:00+01:00;5.09;2.09;1.05;0.85;0.92;1.89
SO2;uur;µg/m³;2024-06-26T11:00:00+01:00;2024-06-26T12:00:00+01:00;3.43;1.82;1.04;0.74;1.64;2.12
SO2;uur;µg/m³;2024-06-26T12:00:00+01:00;2024-06-26T13:00:00+01:00;2.52;1.67;0.99;0.45;2.77;2.17
SO2;uur;µg/m³;2024-06-26T13:00:00+01:00;2024-06-26T14:00:00+01:00;2.08;1.34;0.96;0.73;3.11;2.23
SO2;uur;µg/m³;2024-06-26T14:00:00+01:00;2024-06-26T15:00:00+01:00;1.77;1.19;0.87;0.99;3.19;1.95
SO2;uur;µg/m³;2024-06-26T15:00:00+01:00;2024-06-26T16:00:00+01:00;1.44;0.98;0.84;0.92;2.85;1.79
SO2;uur;µg/m³;2024-06-26T16:00:00+01:00;2024-06-26T17:00:00+01:00;1.12;1.09;0.84;0.92;2.25;1.7
SO2;uur;µg/m³;2024-06-26T17:00:00+01:00;2024-06-26T18:00:00+01:00;1.01;1.99;0.86;0.78;1.67;1.52
SO2;uur;µg/m³;2024-06-26T18:00:00+01:00;2024-06-26T19:00:00+01:00;0.81;1.84;0.79;0.68;1.32;1.86
SO2;uur;µg/m³;2024-06-26T19:00:00+01:00;2024-06-26T20:00:00+01:00;0.39;1.97;0.75;0.7;1.14;1.68
SO2;uur;µg/m³;2024-06-26T20:00:00+01:00;2024-06-26T21:00:00+01:00;0.2;1.29;0.68;0.57;0.85;1.52
SO2;uur;µg/m³;2024-06-26T21:00:00+01:00;2024-06-26T22:00:00+01:00;0;0.55;0.64;0.53;0.52;1.19
SO2;uur;µg/m³;2024-06-26T22:00:00+01:00;2024-06-26T23:00:00+01:00;-0.04;0.21;0.45;0.5;0.5;1.2
SO2;uur;µg/m³;2024-06-26T23:00:00+01:00;2024-06-27T00:00:00+01:00;-0.07;0.01;0.32;0.25;0.31;0.93
SO2;uur;µg/m³;2024-06-27T00:00:00+01:00;2024-06-27T01:00:00+01:00;-0.09;-0.11;0.26;0.17;0.14;0.72
SO2;uur;µg/m³;2024-06-27T01:00:00+01:00;2024-06-27T02:00:00+01:00;-0.04;-0.12;0.2;0.14;0.05;0.73
SO2;uur;µg/m³;2024-06-27T02:00:00+01:00;2024-06-27T03:00:00+01:00;-0.09;-0.09;0.13;0.09;-0.01;0.73
SO2;uur;µg/m³;2024-06-27T03:00:00+01:00;2024-06-27T04:00:00+01:00;-0.07;-0.11;0.16;0.07;0.01;0.74
SO2;uur;µg/m³;2024-06-27T04:00:00+01:00;2024-06-27T05:00:00+01:00;0.35;0.42;0.24;0.06;-0.19;0.77
SO2;uur;µg/m³;2024-06-27T05:00:00+01:00;2024-06-27T06:00:00+01:00;0.48;0.71;0.3;0.46;-0.18;0.81
SO2;uur;µg/m³;2024-06-27T06:00:00+01:00;2024-06-27T07:00:00+01:00;0.58;0.97;0.52;0.95;-0.1;1.04
SO2;uur;µg/m³;2024-06-27T07:00:00+01:00;2024-06-27T08:00:00+01:00;0.73;0.84;0.99;2.94;0.15;1.58
SO2;uur;µg/m³;2024-06-27T08:00:00+01:00;2024-06-27T09:00:00+01:00;1.88;0.93;1.09;7.72;0.31;2.24
SO2;uur;µg/m³;2024-06-27T09:00:00+01:00;2024-06-27T10:00:00+01:00;2.59;0.95;1.77;3.31;0.87;2.49
SO2;uur;µg/m³;2024-06-27T10:00:00+01:00;2024-06-27T11:00:00+01:00;2.41;0.81;1.7;1.9;1.3;2.12
SO2;uur;µg/m³;2024-06-27T11:00:00+01:00;2024-06-27T12:00:00+01:00;1.81;1.26;1.26;0.53;1.36;1.76
SO2;uur;µg/m³;2024-06-27T12:00:00+01:00;2024-06-27T13:00:00+01:00;1.94;2.08;0.99;0.46;1.18;1.63
SO2;uur;µg/m³;2024-06-27T13:00:00+01:00;2024-06-27T14:00:00+01:00;1.13;1.69;0.69;0.35;0.8;1.51
SO2;uur;µg/m³;2024-06-27T14:00:00+01:00;2024-06-27T15:00:00+01:00;0.82;1.93;0.63;0.48;0.33;2.42
SO2;uur;µg/m³;2024-06-27T15:00:00+01:00;2024-06-27T16:00:00+01:00;0.7;1.52;0.56;0.99;0.26;1.7
SO2;uur;µg/m³;2024-06-27T16:00:00+01:00;2024-06-27T17:00:00+01:00;0.82;1.08;0.54;1.14;0.12;1
SO2;uur;µg/m³;2024-06-27T17:00:00+01:00;2024-06-27T18:00:00+01:00;0.75;0.57;0.63;2.89;0.08;1.01
SO2;uur;µg/m³;2024-06-27T18:00:00+01:00;2024-06-27T19:00:00+01:00;0.5;0.41;0.37;3.15;0.1;1.22
SO2;uur;µg/m³;2024-06-27T19:00:00+01:00;2024-06-27T20:00:00+01:00;0.43;0.39;0.4;0.86;0.12;1.31
SO2;uur;µg/m³;2024-06-27T20:00:00+01:00;2024-06-27T21:00:00+01:00;0.5;0.43;0.32;1.38;0.04;0.85
SO2;uur;µg/m³;2024-06-27T21:00:00+01:00;2024-06-27T22:00:00+01:00;0.66;0.34;0.38;1.44;-0.04;0.67
SO2;uur;µg/m³;2024-06-27T22:00:00+01:00;2024-06-27T23:00:00+01:00;0.54;0.33;0.4;1.84;0.09;0.51
SO2;uur;µg/m³;2024-06-27T23:00:00+01:00;2024-06-28T00:00:00+01:00;0.56;0.31;0.33;2.16;0.13;0.39
SO2;uur;µg/m³;2024-06-28T00:00:00+01:00;2024-06-28T01:00:00+01:00;0.75;0.33;0.44;1.92;0.3;0.37
SO2;uur;µg/m³;2024-06-28T01:00:00+01:00;2024-06-28T02:00:00+01:00;0.49;0.34;0.3;1.24;0.11;0.31
SO2;uur;µg/m³;2024-06-28T02:00:00+01:00;2024-06-28T03:00:00+01:00;0.48;0.33;0.32;0.82;-0.02;0.44
SO2;uur;µg/m³;2024-06-28T03:00:00+01:00;2024-06-28T04:00:00+01:00;0.46;0.33;0.26;0.48;-0.06;0.47
SO2;uur;µg/m³;2024-06-28T04:00:00+01:00;2024-06-28T05:00:00+01:00;0.42;0.47;0.11;0.48;0.14;0.53
SO2;uur;µg/m³;2024-06-28T05:00:00+01:00;2024-06-28T06:00:00+01:00;0.47;0.46;0.11;0.5;0.2;0.52
SO2;uur;µg/m³;2024-06-28T06:00:00+01:00;2024-06-28T07:00:00+01:00;0.37;0.56;0.1;0.62;0.31;0.5
SO2;uur;µg/m³;2024-06-28T07:00:00+01:00;2024-06-28T08:00:00+01:00;0.33;0.69;0.12;0.54;0.45;0.53
SO2;uur;µg/m³;2024-06-28T08:00:00+01:00;2024-06-28T09:00:00+01:00;0.31;0.58;0.09;1.12;0.55;0.56
SO2;uur;µg/m³;2024-06-28T09:00:00+01:00;2024-06-28T10:00:00+01:00;0.31;0.42;0.11;0.73;0.56;0.56
SO2;uur;µg/m³;2024-06-28T10:00:00+01:00;2024-06-28T11:00:00+01:00;0.37;0.33;0.17;1.16;0.26;0.46
SO2;uur;µg/m³;2024-06-28T11:00:00+01:00;2024-06-28T12:00:00+01:00;0.41;0.35;0.2;0.45;0.24;0.42
SO2;uur;µg/m³;2024-06-28T12:00:00+01:00;2024-06-28T13:00:00+01:00;0.51;0.66;0.19;0.22;0.21;0.42
SO2;uur;µg/m³;2024-06-28T13:00:00+01:00;2024-06-28T14:00:00+01:00;0.68;0.92;0.25;0.3;0.15;0.46
SO2;uur;µg/m³;2024-06-28T14:00:00+01:00;2024-06-28T15:00:00+01:00;0.67;0.62;0.29;0.3;0.19;0.41
SO2;uur;µg/m³;2024-06-28T15:00:00+01:00;2024-06-28T16:00:00+01:00;0.61;0.78;0.2;0.34;0.2;0.4
SO2;uur;µg/m³;2024-06-28T16:00:00+01:00;2024-06-28T17:00:00+01:00;0.66;0.75;0.28;1.22;0.19;0.39
SO2;uur;µg/m³;2024-06-28T17:00:00+01:00;2024-06-28T18:00:00+01:00;0.64;0.71;0.19;1.75;0.18;0.43
SO2;uur;µg/m³;2024-06-28T18:00:00+01:00;2024-06-28T19:00:00+01:00;0.49;0.88;0.26;0.87;0.13;0.39
SO2;uur;µg/m³;2024-06-28T19:00:00+01:00;2024-06-28T20:00:00+01:00;0.45;1.01;0.19;1.65;0.14;0.38
SO2;uur;µg/m³;2024-06-28T20:00:00+01:00;2024-06-28T21:00:00+01:00;0.34;0.7;0.2;1.01;0.21;0.37
SO2;uur;µg/m³;2024-06-28T21:00:00+01:00;2024-06-28T22:00:00+01:00;0.32;0.58;0.21;0.62;0.13;0.36
SO2;uur;µg/m³;2024-06-28T22:00:00+01:00;2024-06-28T23:00:00+01:00;0.33;0.5;0.13;0.24;0.15;0.36
SO2;uur;µg/m³;2024-06-28T23:00:00+01:00;2024-06-29T00:00:00+01:00;0.26;0.39;-0.02;0.27;0.14;0.39
SO2;uur;µg/m³;2024-06-29T00:00:00+01:00;2024-06-29T01:00:00+01:00;0.3;0.31;0;0.51;0.09;0.42
SO2;uur;µg/m³;2024-06-29T01:00:00+01:00;2024-06-29T02:00:00+01:00;0.3;0.32;-0.12;0.26;0.07;0.41
SO2;uur;µg/m³;2024-06-29T02:00:00+01:00;2024-06-29T03:00:00+01:00;0.28;0.26;-0.12;0.14;0.08;0.4
SO2;uur;µg/m³;2024-06-29T03:00:00+01:00;2024-06-29T04:00:00+01:00;0.26;0.2;-0.04;0.08;0.05;0.39
SO2;uur;µg/m³;2024-06-29T04:00:00+01:00;2024-06-29T05:00:00+01:00;-0.06;0;-0.07;0.11;0.29;0.34
SO2;uur;µg/m³;2024-06-29T05:00:00+01:00;2024-06-29T06:00:00+01:00;-0.06;0.02;-0.01;0.15;0.29;0.31
SO2;uur;µg/m³;2024-06-29T06:00:00+01:00;2024-06-29T07:00:00+01:00;0.14;0.2;0.33;0.21;0.43;0.36
SO2;uur;µg/m³;2024-06-29T07:00:00+01:00;2024-06-29T08:00:00+01:00;1.57;0.28;1.09;0.52;0.62;0.58
SO2;uur;µg/m³;2024-06-29T08:00:00+01:00;2024-06-29T09:00:00+01:00;1.81;1.67;1.46;0.87;0.81;0.73
SO2;uur;µg/m³;2024-06-29T09:00:00+01:00;2024-06-29T10:00:00+01:00;2.44;2.79;1.21;1.09;1;0.67
SO2;uur;µg/m³;2024-06-29T10:00:00+01:00;2024-06-29T11:00:00+01:00;2.58;2;2.57;1.76;1.38;0.61
SO2;uur;µg/m³;2024-06-29T11:00:00+01:00;2024-06-29T12:00:00+01:00;2.15;2.38;3.37;2.31;1.36;0.51
SO2;uur;µg/m³;2024-06-29T12:00:00+01:00;2024-06-29T13:00:00+01:00;1.13;3.36;3.24;1.7;1.38;0.52
SO2;uur;µg/m³;2024-06-29T13:00:00+01:00;2024-06-29T14:00:00+01:00;1.12;3.04;3.14;1.48;1.39;0.57
SO2;uur;µg/m³;2024-06-29T14:00:00+01:00;2024-06-29T15:00:00+01:00;1.04;2.96;3.3;1.37;1.31;0.69
SO2;uur;µg/m³;2024-06-29T15:00:00+01:00;2024-06-29T16:00:00+01:00;0.88;2.9;3.32;1.18;1.16;0.63
SO2;uur;µg/m³;2024-06-29T16:00:00+01:00;2024-06-29T17:00:00+01:00;0.87;4.54;2.89;1.08;0.98;0.67
SO2;uur;µg/m³;2024-06-29T17:00:00+01:00;2024-06-29T18:00:00+01:00;1.31;2.28;1.78;0.85;0.79;0.65
SO2;uur;µg/m³;2024-06-29T18:00:00+01:00;2024-06-29T19:00:00+01:00;0.79;0.73;1.39;2.07;0.67;0.59
SO2;uur;µg/m³;2024-06-29T19:00:00+01:00;2024-06-29T20:00:00+01:00;0.33;0.49;1.25;1.83;0.46;0.48
SO2;uur;µg/m³;2024-06-29T20:00:00+01:00;2024-06-29T21:00:00+01:00;0.31;0.46;2.42;1.2;0.34;0.4
SO2;uur;µg/m³;2024-06-29T21:00:00+01:00;2024-06-29T22:00:00+01:00;0.21;0.62;4.35;0.57;0.27;0.36
SO2;uur;µg/m³;2024-06-29T22:00:00+01:00;2024-06-29T23:00:00+01:00;0.18;0.64;1.35;0.4;0.25;0.35
SO2;uur;µg/m³;2024-06-29T23:00:00+01:00;2024-06-30T00:00:00+01:00;0.01;0.53;0.6;0.23;0.29;0.38
SO2;uur;µg/m³;2024-06-30T00:00:00+01:00;2024-06-30T01:00:00+01:00;-0.09;0.65;0.45;0.24;0.26;0.36
SO2;uur;µg/m³;2024-06-30T01:00:00+01:00;2024-06-30T02:00:00+01:00;-0.08;1.1;0.63;0.23;0.22;0.32
SO2;uur;µg/m³;2024-06-30T02:00:00+01:00;2024-06-30T03:00:00+01:00;-0.06;0.61;1.55;0.29;0.24;0.37
SO2;uur;µg/m³;2024-06-30T03:00:00+01:00;2024-06-30T04:00:00+01:00;-0.1;0.31;1.21;0.26;0.19;0.35
SO2;uur;µg/m³;2024-06-30T04:00:00+01:00;2024-06-30T05:00:00+01:00;0.24;0.49;0.25;0.4;0.08;0.49
SO2;uur;µg/m³;2024-06-30T05:00:00+01:00;2024-06-30T06:00:00+01:00;0.18;0.48;0.16;0.42;0.12;0.54
SO2;uur;µg/m³;2024-06-30T06:00:00+01:00;2024-06-30T07:00:00+01:00;0.17;0.57;0.17;0.88;0.1;0.52
SO2;uur;µg/m³;2024-06-30T07:00:00+01:00;2024-06-30T08:00:00+01:00;0.18;0.83;0.18;1.43;0.11;0.5
SO2;uur;µg/m³;2024-06-30T08:00:00+01:00;2024-06-30T09:00:00+01:00;0.16;0.94;0.4;1.58;0.1;0.55
SO2;uur;µg/m³;2024-06-30T09:00:00+01:00;2024-06-30T10:00:00+01:00;0.15;0.92;0.55;3.42;0.14;0.57
SO2;uur;µg/m³;2024-06-30T10:00:00+01:00;2024-06-30T11:00:00+01:00;0.26;0.72;0.39;2.02;0.21;0.61
SO2;uur;µg/m³;2024-06-30T11:00:00+01:00;2024-06-30T12:00:00+01:00;0.28;0.57;0.19;0.84;0.33;0.65
SO2;uur;µg/m³;2024-06-30T12:00:00+01:00;2024-06-30T13:00:00+01:00;0.32;0.53;0.32;0.52;0.3;0.64
SO2;uur;µg/m³;2024-06-30T13:00:00+01:00;2024-06-30T14:00:00+01:00;0.28;0.55;0.22;0.46;0.32;0.64
SO2;uur;µg/m³;2024-06-30T14:00:00+01:00;2024-06-30T15:00:00+01:00;0.44;0.51;0.2;0.5;0.33;0.73
SO2;uur;µg/m³;2024-06-30T15:00:00+01:00;2024-06-30T16:00:00+01:00;0.65;0.6;0.14;0.41;0.29;0.67
SO2;uur;µg/m³;2024-06-30T16:00:00+01:00;2024-06-30T17:00:00+01:00;0.49;0.48;0.17;0.51;0.27;0.54
SO2;uur;µg/m³;2024-06-30T17:00:00+01:00;2024-06-30T18:00:00+01:00;0.54;0.4;0.14;0.47;0.28;0.39
SO2;uur;µg/m³;2024-06-30T18:00:00+01:00;2024-06-30T19:00:00+01:00;0.5;0.26;-0.1;0.43;0.18;0.38
SO2;uur;µg/m³;2024-06-30T19:00:00+01:00;2024-06-30T20:00:00+01:00;0.41;0.24;-0.13;0.35;0.14;0.38
SO2;uur;µg/m³;2024-06-30T20:00:00+01:00;2024-06-30T21:00:00+01:00;0.26;0.2;-0.12;0.22;0.14;0.38
SO2;uur;µg/m³;2024-06-30T21:00:00+01:00;2024-06-30T22:00:00+01:00;0.19;0.21;-0.09;0.19;0.13;0.35
SO2;uur;µg/m³;2024-06-30T22:00:00+01:00;2024-06-30T23:00:00+01:00;0.2;0.26;-0.05;0.16;0.15;0.34
SO2;uur;µg/m³;2024-06-30T23:00:00+01:00;2024-07-01T00:00:00+01:00;0.19;0.25;-0.01;0.18;0.12;0.37
