Export;EXP-2024-001 (2024-08-26T16:27:18+01:00);;;StationsCode;NL10131;NL10138;NL10237;NL10247;NL10444;NL10633;NL10641;NL10644;NL10741;NL10742;NL10807;NL10821;NL10929;NL10938
Periode;2024-06-01T00:00:00+01:00 - 2024-07-01T00:00:00+01:00;;;BeheerderMeetStation;RIVM;RIVM;RIVM;RIVM;RIVM;RIVM;RIVM;RIVM;RIVM;RIVM;RIVM;RIVM;RIVM;RIVM
Bron;https://data.rivm.nl/data/luchtmeetnet;;;StationsNaam;Vredepeel-Vredeweg;Heerlen-Jamboreepad;Eindhoven-Noordbrabantlaan;Veldhoven-Europalaan;De Zilk-Vogelaarsdreef;Zegveld-Oude Meije;Breukelen-Snelweg;Cabauw-Wielsekade;Nijmegen-Graafseweg;Nijmegen-Ruyterstraat;Hellendoorn-Luttenbergerweg;Enschede-Winkelhorst.;Valthermond-Noorderdiep;Groningen-Nijensteinheerd
Beschrijving data;https://data.rivm.nl/data/luchtmeetnet/readme.pdf;;;Latitude,Longitude;(51.54052,5.85307);(50.900317,5.986853);(51.444157,5.444833);(51.407365,5.393328);(52.296556,4.510817);(52.13795,4.83819);(52.20153,4.987444);(51.974489,4.923301);(51.841372,5.857777);(51.838221,5.856938);(52.388272,6.402933);(52.234504,6.919494);(52.875725,6.932432);(53.246535,6.608937)
Accreditatienummer;https://www.rva.nl/alle-geaccrediteerden/;;;StationsGebied;regionaal;stad;stad;stad;regionaal;regionaal;regionaal;regionaal;stad;stad;regionaal;stad;regionaal;stad
;;;;StationsType;achtergrond;achtergrond;verkeer;achtergrond;achtergrond;achtergrond;verkeer;achtergrond;verkeer;achtergrond;achtergrond;achtergrond;achtergrond;achtergrond
;;;;Meetprincipe;Multi-hoek absorptie fotometrie (MAAP);Multi-hoek absorptie fotometrie (MAAP);Multi-hoek absorptie fotometrie (MAAP);Multi-hoek absorptie fotometrie (MAAP);Multi-hoek absorptie fotometrie (MAAP);Multi-hoek absorptie fotometrie (MAAP);Multi-hoek absorptie fotometrie (MAAP);Multi-hoek absorptie fotometrie (MAAP);Multi-hoek absorptie fotometrie (MAAP);Multi-hoek absorptie fotometrie (MAAP);Multi-hoek absorptie fotometrie (MAAP);Multi-hoek absorptie fotometrie (MAAP);Multi-hoek absorptie fotometrie (MAAP);Multi-hoek absorptie fotometrie (MAAP)
;;;;Meetopstelling;Thermo Scientific 5012 MAAP  ;Thermo Scientific 5012 MAAP  ;Thermo Scientific 5012 MAAP  ;Thermo Scientific 5012 MAAP  ;Thermo Scientific 5012 MAAP  ;Thermo Scientific 5012 MAAP  ;Thermo Scientific 5012 MAAP  ;Thermo Scientific 5012 MAAP  ;Thermo Scientific 5012 MAAP  ;Thermo Scientific 5012 MAAP  ;Thermo Scientific 5012 MAAP  ;Thermo Scientific 5012 MAAP  ;Thermo Scientific 5012 MAAP  ;Thermo Scientific 5012 MAAP  
;;;;Accreditatienummer;nvt;nvt;nvt;nvt;nvt;nvt;nvt;nvt;nvt;nvt;nvt;nvt;nvt;nvt
Component;Bep.periode;Eenheid; Begindatumtijd;Einddatumtijd;NL10131;NL10138;NL10237;NL10247;NL10444;NL10633;NL10641;NL10644;NL10741;NL10742;NL10807;NL10821;NL10929;NL10938
BC;uur;µg/m³;2024-06-01T00:00:00+01:00;2024-06-01T01:00:00+01:00;0.13;0.17;0.24;0.16;0.01;0.05;0.16;0.09;0.26;0.06;0.21;0.08;0.26;0.2
BC;uur;µg/m³;2024-06-01T01:00:00+01:00;2024-06-01T02:00:00+01:00;0.12;0.2;0.24;0.1;0.04;0.11;0.19;0.02;0.16;0.07;0.2;0.07;0.37;0.21
BC;uur;µg/m³;2024-06-01T02:00:00+01:00;2024-06-01T03:00:00+01:00;0.08;0.15;0.12;0.06;0.06;0.12;0.18;0.1;0.35;0.1;0.22;0.08;0.23;0.19
BC;uur;µg/m³;2024-06-01T03:00:00+01:00;2024-06-01T04:00:00+01:00;0.06;0.13;0.09;0.06;0.06;0.15;0.2;0.1;0.23;0.1;0.26;0.1;0.23;0.19
BC;uur;µg/m³;2024-06-01T04:00:00+01:00;2024-06-01T05:00:00+01:00;0.08;0.11;0.16;0.06;0.06;0.14;0.23;0.11;0.3;0.13;0.31;0.11;0.24;0.19
BC;uur;µg/m³;2024-06-01T05:00:00+01:00;2024-06-01T06:00:00+01:00;0.09;0.09;0.21;0.1;0.04;0.13;0.33;0.11;0.44;0.16;0.21;0.09;0.29;0.16
BC;uur;µg/m³;2024-06-01T06:00:00+01:00;2024-06-01T07:00:00+01:00;0.11;0.09;0.36;0.1;0.04;0.11;0.33;0.12;0.37;0.22;0.23;0.11;0.29;0.14
BC;uur;µg/m³;2024-06-01T07:00:00+01:00;2024-06-01T08:00:00+01:00;0.12;0.18;0.63;0.18;0.06;0.08;0.33;0.13;0.45;0.18;0.23;0.32;0.29;0.15
BC;uur;µg/m³;2024-06-01T08:00:00+01:00;2024-06-01T09:00:00+01:00;7.44;0.25;0.49;0.19;0.05;0.12;0.35;0.18;0.96;0.25;1;0.38;0.29;0.16
BC;uur;µg/m³;2024-06-01T09:00:00+01:00;2024-06-01T10:00:00+01:00;0.79;0.21;0.52;0.16;0.05;0.13;0.33;0.14;1.02;0.3;0.6;0.45;0.24;0.14
BC;uur;µg/m³;2024-06-01T10:00:00+01:00;2024-06-01T11:00:00+01:00;0.25;0.24;0.73;0.19;0.09;0.16;0.48;0.27;1.13;0.36;0.38;0.39;0.25;0.14
BC;uur;µg/m³;2024-06-01T11:00:00+01:00;2024-06-01T12:00:00+01:00;0.27;0.19;0.97;0.24;0.08;0.16;0.48;0.29;2.23;0.42;0.32;0.47;0.24;0.13
BC;uur;µg/m³;2024-06-01T12:00:00+01:00;2024-06-01T13:00:00+01:00;0.29;0.25;0.95;0.25;0.06;0.17;0.5;0.21;1.03;0.4;0.35;0.45;0.22;0.15
BC;uur;µg/m³;2024-06-01T13:00:00+01:00;2024-06-01T14:00:00+01:00;0.31;0.25;1.11;0.25;0.09;0.16;0.57;0.28;0.89;0.45;0.29;0.39;0.22;0.18
BC;uur;µg/m³;2024-06-01T14:00:00+01:00;2024-06-01T15:00:00+01:00;0.32;0.29;0.89;0.29;0.08;0.18;0.35;0.19;0.95;0.39;0.42;0.33;0.21;0.16
BC;uur;µg/m³;2024-06-01T15:00:00+01:00;2024-06-01T16:00:00+01:00;0.29;0.39;0.83;0.25;0.08;0.23;0.42;0.21;0.92;0.38;0.36;0.3;0.21;0.12
BC;uur;µg/m³;2024-06-01T16:00:00+01:00;2024-06-01T17:00:00+01:00;0.25;0.34;0.96;0.22;;0.17;0.45;0.22;0.7;0.41;0.37;0.29;0.16;0.11
BC;uur;µg/m³;2024-06-01T17:00:00+01:00;2024-06-01T18:00:00+01:00;0.21;0.34;0.73;0.38;;0.18;0.49;0.19;0.54;0.37;0.33;0.27;0.19;0.11
BC;uur;µg/m³;2024-06-01T18:00:00+01:00;2024-06-01T19:00:00+01:00;0.21;0.34;0.72;0.54;;0.19;0.54;0.2;0.6;0.36;0.24;0.23;0.15;0.07
BC;uur;µg/m³;2024-06-01T19:00:00+01:00;2024-06-01T20:00:00+01:00;0.25;0.32;0.44;0.39;;0.18;0.3;0.18;0.42;0.26;0.27;0.19;0.13;0.08
BC;uur;µg/m³;2024-06-01T20:00:00+01:00;2024-06-01T21:00:00+01:00;0.16;0.31;0.38;0.42;;0.16;0.25;0.2;0.61;0.27;0.27;0.2;0.12;0.08
BC;uur;µg/m³;2024-06-01T21:00:00+01:00;2024-06-01T22:00:00+01:00;0.15;0.3;0.37;0.32;;0.13;0.29;0.18;0.7;0.25;0.32;0.19;0.12;0.1
BC;uur;µg/m³;2024-06-01T22:00:00+01:00;2024-06-01T23:00:00+01:00;0.17;0.21;0.33;0.2;;0.11;0.33;0.11;0.69;0.25;0.52;0.14;0.11;0.07
BC;uur;µg/m³;2024-06-01T23:00:00+01:00;2024-06-02T00:00:00+01:00;0.16;0.17;0.25;0.19;;0.1;0.25;0.08;0.52;0.18;0.32;0.12;0.09;0.06
BC;uur;µg/m³;2024-06-02T00:00:00+01:00;2024-06-02T01:00:00+01:00;0.15;0.16;0.27;0.16;;0.08;0.17;0.07;0.51;0.15;0.24;0.12;0.07;0.05
BC;uur;µg/m³;2024-06-02T01:00:00+01:00;2024-06-02T02:00:00+01:00;0.12;0.17;0.19;0.12;;0.07;0.12;0.05;0.43;0.15;0.11;0.12;0.04;0.05
BC;uur;µg/m³;2024-06-02T02:00:00+01:00;2024-06-02T03:00:00+01:00;0.12;0.15;0.18;0.1;;0.07;0.21;0.06;0.2;0.13;0.08;0.08;0.04;0.06
BC;uur;µg/m³;2024-06-02T03:00:00+01:00;2024-06-02T04:00:00+01:00;0.07;0.12;0.13;0.09;;0.08;0.12;0.05;0.13;0.08;0.09;0.07;0.05;0.07
BC;uur;µg/m³;2024-06-02T04:00:00+01:00;2024-06-02T05:00:00+01:00;0.06;0.08;0.11;0.07;;0.11;0.16;0.06;0.14;0.08;0.11;0.05;0.05;0.07
BC;uur;µg/m³;2024-06-02T05:00:00+01:00;2024-06-02T06:00:00+01:00;0.07;0.07;0.1;0.06;;0.13;0.2;0.1;0.1;0.05;0.06;0.06;0.06;0.09
BC;uur;µg/m³;2024-06-02T06:00:00+01:00;2024-06-02T07:00:00+01:00;0.07;0.07;0.13;0.08;;0.12;0.22;0.12;0.22;0.07;0.05;0.06;0.06;0.07
BC;uur;µg/m³;2024-06-02T07:00:00+01:00;2024-06-02T08:00:00+01:00;0.18;0.07;0.19;0.08;;0.1;0.28;0.08;0.23;0.1;0.17;0.07;0.08;0.09
BC;uur;µg/m³;2024-06-02T08:00:00+01:00;2024-06-02T09:00:00+01:00;0.13;0.08;0.35;0.09;;0.11;0.35;0.09;0.25;0.08;0.1;0.08;0.09;0.11
BC;uur;µg/m³;2024-06-02T09:00:00+01:00;2024-06-02T10:00:00+01:00;0.23;0.09;0.31;0.12;;0.14;0.41;0.13;0.26;0.1;0.21;0.08;0.09;0.12
BC;uur;µg/m³;2024-06-02T10:00:00+01:00;2024-06-02T11:00:00+01:00;0.09;0.09;0.32;0.13;;0.17;0.41;0.13;0.45;0.13;0.12;0.09;0.11;0.12
BC;uur;µg/m³;2024-06-02T11:00:00+01:00;2024-06-02T12:00:00+01:00;0.1;0.11;0.38;0.12;;0.21;0.41;0.45;0.72;0.14;0.12;0.1;0.12;0.13
BC;uur;µg/m³;2024-06-02T12:00:00+01:00;2024-06-02T13:00:00+01:00;0.12;0.76;0.58;0.15;;0.24;0.48;0.24;0.95;0.15;0.13;0.11;0.1;0.12
BC;uur;µg/m³;2024-06-02T13:00:00+01:00;2024-06-02T14:00:00+01:00;0.15;0.62;0.62;0.15;;0.19;0.5;0.23;0.55;0.16;0.12;0.12;0.1;0.11
BC;uur;µg/m³;2024-06-02T14:00:00+01:00;2024-06-02T15:00:00+01:00;0.14;0.56;0.6;0.15;;0.17;0.4;0.2;0.61;0.21;0.12;0.13;0.1;0.13
BC;uur;µg/m³;2024-06-02T15:00:00+01:00;2024-06-02T16:00:00+01:00;0.15;0.18;0.62;0.21;;0.15;0.42;0.17;0.83;0.17;0.12;0.15;0.11;0.12
BC;uur;µg/m³;2024-06-02T16:00:00+01:00;2024-06-02T17:00:00+01:00;0.14;0.25;0.56;0.23;;0.18;0.4;0.16;0.52;0.16;0.13;0.18;0.12;0.13
BC;uur;µg/m³;2024-06-02T17:00:00+01:00;2024-06-02T18:00:00+01:00;0.17;0.21;0.49;0.21;;0.17;0.43;0.17;0.43;0.19;0.14;0.18;0.13;0.11
BC;uur;µg/m³;2024-06-02T18:00:00+01:00;2024-06-02T19:00:00+01:00;0.21;0.23;0.9;0.37;;0.13;0.52;0.16;0.44;0.18;0.13;0.15;0.13;0.15
BC;uur;µg/m³;2024-06-02T19:00:00+01:00;2024-06-02T20:00:00+01:00;0.19;0.23;0.6;0.2;;0.11;0.54;0.14;0.5;0.25;0.12;0.13;0.11;0.09
BC;uur;µg/m³;2024-06-02T20:00:00+01:00;2024-06-02T21:00:00+01:00;0.23;0.3;0.44;0.34;;0.11;0.44;0.12;0.58;0.2;0.09;0.16;0.08;0.07
BC;uur;µg/m³;2024-06-02T21:00:00+01:00;2024-06-02T22:00:00+01:00;0.13;0.66;0.49;0.46;;0.11;0.25;0.13;0.75;0.19;0.08;0.17;0.06;0.11
BC;uur;µg/m³;2024-06-02T22:00:00+01:00;2024-06-02T23:00:00+01:00;0.15;0.48;0.32;0.45;;0.1;0.23;0.11;0.68;0.11;0.07;0.35;0.06;0.07
BC;uur;µg/m³;2024-06-02T23:00:00+01:00;2024-06-03T00:00:00+01:00;0.07;0.19;0.24;0.34;;0.1;0.24;0.1;0.23;0.12;0.07;0.25;0.06;0.06
BC;uur;µg/m³;2024-06-03T00:00:00+01:00;2024-06-03T01:00:00+01:00;0.07;0.2;0.22;0.2;;0.1;0.27;0.11;0.22;0.12;0.07;0.08;0.05;0.04
BC;uur;µg/m³;2024-06-03T01:00:00+01:00;2024-06-03T02:00:00+01:00;0.08;0.2;0.17;0.12;;0.13;0.29;0.11;0.22;0.13;0.06;0.08;0.05;0.04
BC;uur;µg/m³;2024-06-03T02:00:00+01:00;2024-06-03T03:00:00+01:00;0.08;0.18;0.13;0.11;;0.11;0.32;0.11;0.2;0.13;0.06;0.08;0.05;0.05
BC;uur;µg/m³;2024-06-03T03:00:00+01:00;2024-06-03T04:00:00+01:00;0.08;0.19;0.18;0.12;;0.12;0.37;0.1;0.28;0.15;0.05;0.07;0.04;0.06
BC;uur;µg/m³;2024-06-03T04:00:00+01:00;2024-06-03T05:00:00+01:00;0.1;0.2;0.3;0.12;;0.1;0.61;0.11;0.26;0.13;0.05;0.06;0.06;0.05
BC;uur;µg/m³;2024-06-03T05:00:00+01:00;2024-06-03T06:00:00+01:00;0.12;0.21;0.66;0.14;;0.16;0.94;0.16;0.55;0.17;0.06;0.05;0.05;0.08
BC;uur;µg/m³;2024-06-03T06:00:00+01:00;2024-06-03T07:00:00+01:00;0.17;0.29;0.8;0.17;0.1;0.16;0.66;0.17;0.9;0.24;0.34;0.07;0.07;0.16
BC;uur;µg/m³;2024-06-03T07:00:00+01:00;2024-06-03T08:00:00+01:00;0.2;0.4;0.7;0.29;0.11;0.2;0.73;0.21;1.06;0.47;0.12;0.12;0.08;0.23
BC;uur;µg/m³;2024-06-03T08:00:00+01:00;2024-06-03T09:00:00+01:00;0.16;0.32;0.73;-0.1;0.1;0.16;0.8;0.15;0.97;0.25;0.12;0.14;0.1;0.14
BC;uur;µg/m³;2024-06-03T09:00:00+01:00;2024-06-03T10:00:00+01:00;0.13;0.39;0.61;0.13;0.11;0.13;0.45;0.15;0.45;0.19;0.25;0.1;0.1;0.16
BC;uur;µg/m³;2024-06-03T10:00:00+01:00;2024-06-03T11:00:00+01:00;0.17;0.29;0.6;0.18;0.11;0.15;0.49;0.13;0.51;0.27;0.2;0.1;0.1;0.13
BC;uur;µg/m³;2024-06-03T11:00:00+01:00;2024-06-03T12:00:00+01:00;0.11;0.19;0.41;0.19;0.14;0.16;0.46;0.19;0.61;0.27;0.28;0.14;0.1;0.11
BC;uur;µg/m³;2024-06-03T12:00:00+01:00;2024-06-03T13:00:00+01:00;0.28;0.19;0.48;0.2;0.12;0.28;1.78;0.2;0.95;0.26;0.49;0.15;0.2;0.14
BC;uur;µg/m³;2024-06-03T13:00:00+01:00;2024-06-03T14:00:00+01:00;0.31;0.16;0.69;0.46;0.14;0.17;0.71;0.22;0.82;0.3;0.42;0.17;0.12;0.15
BC;uur;µg/m³;2024-06-03T14:00:00+01:00;2024-06-03T15:00:00+01:00;0.22;0.19;0.63;0.35;0.18;0.17;0.63;0.25;1.04;0.33;0.17;0.18;0.12;0.22
BC;uur;µg/m³;2024-06-03T15:00:00+01:00;2024-06-03T16:00:00+01:00;0.2;0.18;0.84;0.3;0.22;0.21;0.56;0.26;0.91;0.31;0.16;0.17;0.12;0.18
BC;uur;µg/m³;2024-06-03T16:00:00+01:00;2024-06-03T17:00:00+01:00;0.26;0.22;1.08;0.28;0.21;0.19;0.62;0.31;1.08;0.35;0.19;0.21;0.12;0.24
BC;uur;µg/m³;2024-06-03T17:00:00+01:00;2024-06-03T18:00:00+01:00;0.25;0.29;0.88;0.35;0.22;0.18;0.58;0.27;0.69;0.39;0.2;0.19;0.06;0.26
BC;uur;µg/m³;2024-06-03T18:00:00+01:00;2024-06-03T19:00:00+01:00;0.33;0.31;0.83;0.41;0.25;0.21;0.66;0.3;0.82;0.35;0.27;-0.1;0.1;0.23
BC;uur;µg/m³;2024-06-03T19:00:00+01:00;2024-06-03T20:00:00+01:00;0.31;0.4;0.86;0.4;0.28;0.26;0.7;0.3;0.89;0.43;0.52;0.11;0.14;0.29
BC;uur;µg/m³;2024-06-03T20:00:00+01:00;2024-06-03T21:00:00+01:00;0.3;0.57;1.05;0.41;0.3;0.24;0.79;0.34;0.71;0.39;0.18;0.21;0.11;0.33
BC;uur;µg/m³;2024-06-03T21:00:00+01:00;2024-06-03T22:00:00+01:00;0.26;1.47;1.05;0.5;0.33;0.26;0.91;0.32;0.72;0.37;0.24;0.2;0.13;0.33
BC;uur;µg/m³;2024-06-03T22:00:00+01:00;2024-06-03T23:00:00+01:00;0.28;0.63;1.14;0.55;0.33;0.23;0.73;0.29;0.65;0.38;0.29;0.23;0.2;0.28
BC;uur;µg/m³;2024-06-03T23:00:00+01:00;2024-06-04T00:00:00+01:00;0.33;0.6;1.39;0.52;0.35;0.26;0.54;0.28;0.68;0.48;0.32;0.2;0.23;0.2
BC;uur;µg/m³;2024-06-04T00:00:00+01:00;2024-06-04T01:00:00+01:00;0.38;0.44;0.89;1.12;0.32;0.24;0.54;0.35;0.52;0.39;0.32;0.17;0.24;0.18
BC;uur;µg/m³;2024-06-04T01:00:00+01:00;2024-06-04T02:00:00+01:00;0.44;0.39;0.84;0.64;0.3;0.33;0.69;0.42;0.45;0.39;0.38;0.19;0.19;0.13
BC;uur;µg/m³;2024-06-04T02:00:00+01:00;2024-06-04T03:00:00+01:00;0.49;0.42;0.66;0.45;0.25;0.28;0.54;0.42;0.51;0.45;0.32;0.16;0.2;0.12
BC;uur;µg/m³;2024-06-04T03:00:00+01:00;2024-06-04T04:00:00+01:00;0.49;0.39;0.53;0.48;0.35;0.27;0.56;0.42;0.6;0.51;0.31;0.22;0.18;0.12
BC;uur;µg/m³;2024-06-04T04:00:00+01:00;2024-06-04T05:00:00+01:00;0.54;0.38;0.65;0.51;0.39;0.28;0.62;0.66;0.63;0.55;0.35;0.24;0.22;0.14
BC;uur;µg/m³;2024-06-04T05:00:00+01:00;2024-06-04T06:00:00+01:00;0.62;0.27;0.98;0.58;0.44;0.65;0.67;0.9;0.83;0.53;0.43;0.3;0.26;0.18
BC;uur;µg/m³;2024-06-04T06:00:00+01:00;2024-06-04T07:00:00+01:00;0.68;0.24;1.21;0.82;0.78;0.64;1.08;0.7;1.21;0.57;0.46;0.39;0.27;0.2
BC;uur;µg/m³;2024-06-04T07:00:00+01:00;2024-06-04T08:00:00+01:00;0.74;0.24;1.52;0.79;1.06;0.67;1.03;0.68;0.89;0.65;;0.46;0.35;0.19
BC;uur;µg/m³;2024-06-04T08:00:00+01:00;2024-06-04T09:00:00+01:00;0.63;0.22;1;0.73;0.76;0.82;1.06;0.76;0.74;0.57;;0.47;0.38;0.19
BC;uur;µg/m³;2024-06-04T09:00:00+01:00;2024-06-04T10:00:00+01:00;0.54;0.23;0.92;0.53;0.67;0.76;1.19;0.73;0.78;0.63;;0.47;0.29;0.12
BC;uur;µg/m³;2024-06-04T10:00:00+01:00;2024-06-04T11:00:00+01:00;0.4;0.24;0.82;0.32;0.63;0.62;0.87;0.73;0.64;0.5;;0.47;0.31;0.16
BC;uur;µg/m³;2024-06-04T11:00:00+01:00;2024-06-04T12:00:00+01:00;0.31;0.24;0.48;0.26;0.58;0.55;0.84;0.6;0.53;0.38;;0.46;0.35;0.22
BC;uur;µg/m³;2024-06-04T12:00:00+01:00;2024-06-04T13:00:00+01:00;0.32;0.19;0.66;0.3;0.58;0.45;0.68;0.55;0.39;0.31;;;0.39;0.31
BC;uur;µg/m³;2024-06-04T13:00:00+01:00;2024-06-04T14:00:00+01:00;0.27;0.19;0.46;0.24;0.46;0.36;0.67;0.45;0.41;0.36;;0.33;0.32;0.42
BC;uur;µg/m³;2024-06-04T14:00:00+01:00;2024-06-04T15:00:00+01:00;0.24;0.16;0.79;0.41;0.48;0.4;0.82;0.38;0.47;0.38;;0.25;0.34;0.35
BC;uur;µg/m³;2024-06-04T15:00:00+01:00;2024-06-04T16:00:00+01:00;0.26;0.21;0.56;0.36;0.47;0.42;0.8;0.33;0.33;0.22;;0.2;0.34;0.46
BC;uur;µg/m³;2024-06-04T16:00:00+01:00;2024-06-04T17:00:00+01:00;0.24;0.29;0.81;0.26;0.42;0.4;0.76;0.33;0.41;0.3;;0.26;0.29;0.4
BC;uur;µg/m³;2024-06-04T17:00:00+01:00;2024-06-04T18:00:00+01:00;0.23;0.23;0.72;0.31;0.38;0.5;0.81;0.39;0.38;0.3;;0.24;0.24;0.44
BC;uur;µg/m³;2024-06-04T18:00:00+01:00;2024-06-04T19:00:00+01:00;0.23;0.23;0.77;0.35;0.23;0.45;0.83;0.47;0.43;0.28;;0.25;0.21;0.33
BC;uur;µg/m³;2024-06-04T19:00:00+01:00;2024-06-04T20:00:00+01:00;0.27;0.32;1.06;0.37;0.22;0.32;0.64;0.44;0.46;0.32;;0.3;0.24;0.3
BC;uur;µg/m³;2024-06-04T20:00:00+01:00;2024-06-04T21:00:00+01:00;0.37;0.32;0.78;0.44;0.21;0.31;0.62;0.45;0.66;0.34;;0.3;0.24;0.31
BC;uur;µg/m³;2024-06-04T21:00:00+01:00;2024-06-04T22:00:00+01:00;0.39;0.43;0.74;0.41;0.1;0.24;0.33;0.33;0.77;0.43;;0.27;0.27;0.25
BC;uur;µg/m³;2024-06-04T22:00:00+01:00;2024-06-04T23:00:00+01:00;0.39;0.37;0.39;0.24;0.06;0.18;0.29;0.18;0.56;0.46;;0.26;0.31;0.25
BC;uur;µg/m³;2024-06-04T23:00:00+01:00;2024-06-05T00:00:00+01:00;0.24;0.29;0.19;0.12;0.14;0.13;0.19;0.18;0.4;0.41;;0.3;0.29;0.27
BC;uur;µg/m³;2024-06-05T00:00:00+01:00;2024-06-05T01:00:00+01:00;0.12;0.2;0.18;0.13;0.1;0.08;0.12;0.15;0.16;0.21;;0.34;0.3;0.18
BC;uur;µg/m³;2024-06-05T01:00:00+01:00;2024-06-05T02:00:00+01:00;0.17;0.08;0.23;0.15;0.1;0.05;0.11;0.02;0.16;0.18;;0.24;0.26;0.07
BC;uur;µg/m³;2024-06-05T02:00:00+01:00;2024-06-05T03:00:00+01:00;0.17;0.1;0.19;0.13;0.08;0.08;0.18;0.05;0.2;0.14;;0.16;0.09;0.04
BC;uur;µg/m³;2024-06-05T03:00:00+01:00;2024-06-05T04:00:00+01:00;0.13;0.1;0.18;0.12;0.1;0.08;0.17;0.07;0.05;0.06;;0.09;0.04;0.05
BC;uur;µg/m³;2024-06-05T04:00:00+01:00;2024-06-05T05:00:00+01:00;0.03;0.11;0.14;0.05;0.11;0.1;0.63;0.08;0.29;0.1;;0.07;0.05;0.06
BC;uur;µg/m³;2024-06-05T05:00:00+01:00;2024-06-05T06:00:00+01:00;0.09;0.09;0.51;0.09;0.12;0.1;0.54;0.16;0.56;0.16;;0.05;0.05;0.09
BC;uur;µg/m³;2024-06-05T06:00:00+01:00;2024-06-05T07:00:00+01:00;0.09;0.13;0.66;0.17;0.09;0.14;0.52;0.18;0.73;0.2;;0.08;0.06;0.16
BC;uur;µg/m³;2024-06-05T07:00:00+01:00;2024-06-05T08:00:00+01:00;0.14;0.1;0.59;0.11;0.06;0.17;0.44;0.17;0.61;0.47;;0.1;0.07;0.14
BC;uur;µg/m³;2024-06-05T08:00:00+01:00;2024-06-05T09:00:00+01:00;0.16;0.15;0.24;0.09;0.1;0.12;0.44;0.14;0.59;0.23;;0.12;0.09;0.11
BC;uur;µg/m³;2024-06-05T09:00:00+01:00;2024-06-05T10:00:00+01:00;0.17;1.49;0.43;0.15;0.08;0.1;0.29;0.15;;;;0.16;0.09;0.16
BC;uur;µg/m³;2024-06-05T10:00:00+01:00;2024-06-05T11:00:00+01:00;0.14;0.25;0.44;0.17;0.06;0.1;0.29;0.2;;;;0.16;0.09;0.1
BC;uur;µg/m³;2024-06-05T11:00:00+01:00;2024-06-05T12:00:00+01:00;0.2;0.2;0.41;0.23;0.05;0.1;0.33;0.23;0.43;;;0.16;0.09;0.11
BC;uur;µg/m³;2024-06-05T12:00:00+01:00;2024-06-05T13:00:00+01:00;0.15;0.16;0.39;0.17;0.06;0.09;0.28;0.2;0.35;;;0.16;0.08;0.15
BC;uur;µg/m³;2024-06-05T13:00:00+01:00;2024-06-05T14:00:00+01:00;0.2;0.2;0.39;0.17;0.05;0.09;0.29;0.14;0.51;;;0.17;0.1;0.11
BC;uur;µg/m³;2024-06-05T14:00:00+01:00;2024-06-05T15:00:00+01:00;0.25;0.25;0.41;0.17;0.05;0.08;0.41;0.14;0.54;;;0.2;0.1;0.11
BC;uur;µg/m³;2024-06-05T15:00:00+01:00;2024-06-05T16:00:00+01:00;0.23;0.27;0.49;0.19;0.07;0.06;0.33;0.13;0.47;0.18;;0.23;0.1;0.15
BC;uur;µg/m³;2024-06-05T16:00:00+01:00;2024-06-05T17:00:00+01:00;0.17;0.32;0.75;0.17;0.06;0.1;0.32;0.24;0.4;0.16;;0.2;0.11;0.12
BC;uur;µg/m³;2024-06-05T17:00:00+01:00;2024-06-05T18:00:00+01:00;0.16;0.32;0.46;0.14;0.07;0.11;0.37;0.1;0.46;0.23;;0.19;0.08;0.14
BC;uur;µg/m³;2024-06-05T18:00:00+01:00;2024-06-05T19:00:00+01:00;0.14;0.3;0.42;0.18;0.08;0.14;0.35;0.13;0.32;0.18;;0.16;0.07;0.12
BC;uur;µg/m³;2024-06-05T19:00:00+01:00;2024-06-05T20:00:00+01:00;0.28;0.36;0.49;0.31;0.12;0.18;0.43;0.2;0.39;0.16;;0.11;0.08;0.16
BC;uur;µg/m³;2024-06-05T20:00:00+01:00;2024-06-05T21:00:00+01:00;0.69;0.56;0.82;0.18;0.14;0.21;0.68;0.22;0.41;0.23;;0.14;0.12;0.19
BC;uur;µg/m³;2024-06-05T21:00:00+01:00;2024-06-05T22:00:00+01:00;1.26;0.58;1.01;0.34;0.17;0.27;0.75;0.29;0.5;0.39;;0.19;0.09;0.06
BC;uur;µg/m³;2024-06-05T22:00:00+01:00;2024-06-05T23:00:00+01:00;0.89;0.62;1.9;0.65;0.18;0.26;0.91;0.3;0.77;0.77;;0.29;0.09;0.11
BC;uur;µg/m³;2024-06-05T23:00:00+01:00;2024-06-06T00:00:00+01:00;0.69;0.56;1.6;0.62;0.23;0.24;1.32;0.46;0.76;1.11;;0.31;0.08;0.13
BC;uur;µg/m³;2024-06-06T00:00:00+01:00;2024-06-06T01:00:00+01:00;0.51;0.59;1.77;0.73;0.29;0.34;0.92;0.64;0.45;0.49;;0.31;0.08;0.15
BC;uur;µg/m³;2024-06-06T01:00:00+01:00;2024-06-06T02:00:00+01:00;0.49;0.61;0.94;0.58;0.38;0.41;0.6;0.61;0.39;0.36;;0.24;0.16;0.14
BC;uur;µg/m³;2024-06-06T02:00:00+01:00;2024-06-06T03:00:00+01:00;0.61;0.45;0.72;0.58;0.48;0.53;0.71;0.5;0.38;0.3;;0.22;0.2;0.13
BC;uur;µg/m³;2024-06-06T03:00:00+01:00;2024-06-06T04:00:00+01:00;0.59;0.33;0.75;0.57;0.57;0.46;0.78;0.45;0.39;0.28;;0.17;0.19;0.18
BC;uur;µg/m³;2024-06-06T04:00:00+01:00;2024-06-06T05:00:00+01:00;0.66;0.28;1.03;0.68;0.73;0.42;0.99;0.52;0.58;0.33;;0.22;0.21;0.23
BC;uur;µg/m³;2024-06-06T05:00:00+01:00;2024-06-06T06:00:00+01:00;0.81;0.33;1.6;0.75;0.88;0.52;1.1;0.66;0.75;0.71;;0.29;0.23;0.23
BC;uur;µg/m³;2024-06-06T06:00:00+01:00;2024-06-06T07:00:00+01:00;0.76;0.39;1.7;1.02;0.97;0.6;1.07;0.59;0.9;0.56;;0.3;0.21;0.35
BC;uur;µg/m³;2024-06-06T07:00:00+01:00;2024-06-06T08:00:00+01:00;0.7;0.32;1.5;1.11;0.74;0.82;0.85;0.66;1.24;0.56;;0.26;0.24;0.38
BC;uur;µg/m³;2024-06-06T08:00:00+01:00;2024-06-06T09:00:00+01:00;0.36;0.24;1.37;1.17;0.58;0.47;0.8;0.65;0.68;0.35;;0.21;0.26;0.31
BC;uur;µg/m³;2024-06-06T09:00:00+01:00;2024-06-06T10:00:00+01:00;0.29;0.33;0.77;1.11;0.49;0.42;0.69;0.44;0.79;0.35;;0.27;0.23;0.2
BC;uur;µg/m³;2024-06-06T10:00:00+01:00;2024-06-06T11:00:00+01:00;0.31;0.38;0.67;0.72;0.35;0.35;0.77;0.24;0.73;0.33;;0.21;0.18;0.23
BC;uur;µg/m³;2024-06-06T11:00:00+01:00;2024-06-06T12:00:00+01:00;0.31;0.31;0.9;0.68;0.24;0.27;0.71;0.07;0.71;0.3;;0.2;0.15;0.23
BC;uur;µg/m³;2024-06-06T12:00:00+01:00;2024-06-06T13:00:00+01:00;0.29;0.28;1;0.51;0.12;0.28;0.59;0.22;0.64;0.29;;0.23;0.19;0.19
BC;uur;µg/m³;2024-06-06T13:00:00+01:00;2024-06-06T14:00:00+01:00;0.34;0.26;1.26;0.49;0.13;0.2;0.5;0.27;0.9;0.36;;0.23;0.24;0.21
BC;uur;µg/m³;2024-06-06T14:00:00+01:00;2024-06-06T15:00:00+01:00;0.34;0.29;1.08;0.37;0.13;0.13;0.54;0.2;0.99;0.45;;0.29;0.26;0.19
BC;uur;µg/m³;2024-06-06T15:00:00+01:00;2024-06-06T16:00:00+01:00;0.41;0.29;1.63;0.34;0.17;0.11;0.43;0.19;0.75;0.49;;0.31;0.19;0.24
BC;uur;µg/m³;2024-06-06T16:00:00+01:00;2024-06-06T17:00:00+01:00;0.37;0.27;1.28;0.31;0.18;0.1;0.38;0.27;0.84;0.47;;0.31;0.21;0.19
BC;uur;µg/m³;2024-06-06T17:00:00+01:00;2024-06-06T18:00:00+01:00;0.47;0.27;0.79;0.26;0.18;0.11;0.54;0.17;1.07;0.46;;0.34;0.18;0.13
BC;uur;µg/m³;2024-06-06T18:00:00+01:00;2024-06-06T19:00:00+01:00;0.37;0.43;0.84;0.24;0.18;0.14;0.5;0.2;1.12;0.44;;0.38;0.18;0.1
BC;uur;µg/m³;2024-06-06T19:00:00+01:00;2024-06-06T20:00:00+01:00;0.38;0.48;0.75;0.26;0.25;0.14;0.61;0.24;1.46;0.34;;0.33;0.22;0.16
BC;uur;µg/m³;2024-06-06T20:00:00+01:00;2024-06-06T21:00:00+01:00;0.42;0.46;0.75;0.31;0.23;0.15;0.79;0.37;1.34;0.41;;0.3;0.2;0.2
BC;uur;µg/m³;2024-06-06T21:00:00+01:00;2024-06-06T22:00:00+01:00;0.47;0.7;0.81;0.3;0.21;0.2;1.07;0.47;1.21;0.64;;0.33;0.04;0.22
BC;uur;µg/m³;2024-06-06T22:00:00+01:00;2024-06-06T23:00:00+01:00;0.4;0.68;0.47;0.3;0.18;0.19;0.93;0.53;0.99;0.4;;0.34;0.13;0.27
BC;uur;µg/m³;2024-06-06T23:00:00+01:00;2024-06-07T00:00:00+01:00;0.33;0.7;0.46;0.27;0.28;0.15;0.78;0.43;1.37;0.34;;0.38;0.17;0.37
BC;uur;µg/m³;2024-06-07T00:00:00+01:00;2024-06-07T01:00:00+01:00;0.28;0.74;0.5;0.29;0.31;0.19;1.09;0.48;1.09;0.4;;0.33;0.19;0.38
BC;uur;µg/m³;2024-06-07T01:00:00+01:00;2024-06-07T02:00:00+01:00;0.25;0.74;0.51;0.47;0.29;0.29;1.08;0.66;0.83;0.33;;0.28;0.16;0.47
BC;uur;µg/m³;2024-06-07T02:00:00+01:00;2024-06-07T03:00:00+01:00;0.27;0.66;0.57;0.38;0.27;0.63;0.88;0.71;0.64;0.3;;0.29;0.16;0.53
BC;uur;µg/m³;2024-06-07T03:00:00+01:00;2024-06-07T04:00:00+01:00;0.3;0.62;0.8;0.29;0.45;0.41;0.68;0.68;0.45;0.32;;0.69;0.16;0.49
BC;uur;µg/m³;2024-06-07T04:00:00+01:00;2024-06-07T05:00:00+01:00;0.4;0.59;1.16;0.39;0.6;0.56;0.81;0.72;0.53;0.35;;0.42;0.21;0.38
BC;uur;µg/m³;2024-06-07T05:00:00+01:00;2024-06-07T06:00:00+01:00;0.59;1.01;2.19;0.69;0.76;0.54;1.19;0.62;0.83;0.5;;0.37;0.26;0.29
BC;uur;µg/m³;2024-06-07T06:00:00+01:00;2024-06-07T07:00:00+01:00;0.7;0.8;1.72;1.18;0.65;0.56;0.94;0.4;0.82;0.53;;0.33;0.33;0.23
BC;uur;µg/m³;2024-06-07T07:00:00+01:00;2024-06-07T08:00:00+01:00;0.44;0.75;1.11;0.59;0.41;0.5;0.79;0.45;0.73;0.69;;0.27;0.2;0.3
BC;uur;µg/m³;2024-06-07T08:00:00+01:00;2024-06-07T09:00:00+01:00;0.33;0.5;0.67;0.34;0.23;0.48;0.74;0.54;0.55;0.39;;0.26;0.21;0.32
BC;uur;µg/m³;2024-06-07T09:00:00+01:00;2024-06-07T10:00:00+01:00;0.22;0.3;0.88;0.48;0.25;0.45;0.77;0.46;0.53;0.31;;0.21;0.25;0.26
BC;uur;µg/m³;2024-06-07T10:00:00+01:00;2024-06-07T11:00:00+01:00;0.25;0.25;0.78;0.49;0.32;0.5;0.8;0.33;0.51;0.27;;0.24;0.2;0.2
BC;uur;µg/m³;2024-06-07T11:00:00+01:00;2024-06-07T12:00:00+01:00;0.32;0.28;0.95;0.39;0.41;0.36;0.66;0.25;0.48;0.25;;0.23;0.27;0.29
BC;uur;µg/m³;2024-06-07T12:00:00+01:00;2024-06-07T13:00:00+01:00;0.41;0.32;0.75;0.43;0.32;0.32;0.69;0.35;0.48;0.28;;0.24;0.24;0.22
BC;uur;µg/m³;2024-06-07T13:00:00+01:00;2024-06-07T14:00:00+01:00;0.61;0.35;0.55;0.34;0.18;0.26;0.69;0.34;0.61;0.41;;0.27;0.16;0.25
BC;uur;µg/m³;2024-06-07T14:00:00+01:00;2024-06-07T15:00:00+01:00;0.38;0.32;0.76;0.31;0.16;0.22;0.53;0.36;0.62;0.33;;0.35;0.22;0.23
BC;uur;µg/m³;2024-06-07T15:00:00+01:00;2024-06-07T16:00:00+01:00;0.34;0.28;0.73;0.29;0.17;0.23;0.66;0.33;0.94;0.46;;0.47;0.22;0.16
BC;uur;µg/m³;2024-06-07T16:00:00+01:00;2024-06-07T17:00:00+01:00;0.36;0.25;1.03;0.26;0.16;0.23;0.45;0.33;0.72;0.37;;0.33;0.24;0.18
BC;uur;µg/m³;2024-06-07T17:00:00+01:00;2024-06-07T18:00:00+01:00;0.34;0.24;0.66;0.29;0.17;0.22;0.41;0.27;0.71;0.48;;0.38;0.18;0.19
BC;uur;µg/m³;2024-06-07T18:00:00+01:00;2024-06-07T19:00:00+01:00;0.49;0.35;0.74;0.32;0.17;0.17;0.45;0.22;0.84;0.43;;0.37;0.16;0.18
BC;uur;µg/m³;2024-06-07T19:00:00+01:00;2024-06-07T20:00:00+01:00;0.57;0.38;0.83;0.36;0.22;0.13;0.5;0.24;0.7;0.39;;0.39;0.18;0.26
BC;uur;µg/m³;2024-06-07T20:00:00+01:00;2024-06-07T21:00:00+01:00;0.7;0.43;0.76;0.49;0.28;0.31;0.54;0.34;0.66;0.51;;0.42;0.19;0.35
BC;uur;µg/m³;2024-06-07T21:00:00+01:00;2024-06-07T22:00:00+01:00;0.42;1.09;0.92;0.78;0.29;0.38;0.69;0.47;0.93;0.54;;0.75;0.41;0.34
BC;uur;µg/m³;2024-06-07T22:00:00+01:00;2024-06-07T23:00:00+01:00;0.67;1.1;1.16;0.82;0.4;0.47;0.74;0.64;0.85;0.8;;0.51;0.59;0.49
BC;uur;µg/m³;2024-06-07T23:00:00+01:00;2024-06-08T00:00:00+01:00;0.51;1.16;2.13;1.24;0.61;0.62;1.01;0.77;1.1;0.88;;0.74;0.35;0.4
BC;uur;µg/m³;2024-06-08T00:00:00+01:00;2024-06-08T01:00:00+01:00;0.47;1;2.85;1.2;0.58;0.57;0.79;0.65;1.01;0.78;;0.51;0.34;0.33
BC;uur;µg/m³;2024-06-08T01:00:00+01:00;2024-06-08T02:00:00+01:00;0.51;0.8;1.23;1;0.34;0.64;0.83;0.56;0.82;0.65;;0.4;0.39;0.26
BC;uur;µg/m³;2024-06-08T02:00:00+01:00;2024-06-08T03:00:00+01:00;0.6;0.67;1.19;0.93;0.32;0.44;0.72;0.38;0.76;0.61;;0.45;0.45;0.29
BC;uur;µg/m³;2024-06-08T03:00:00+01:00;2024-06-08T04:00:00+01:00;0.57;0.57;1.35;0.96;0.4;0.33;0.44;0.37;0.8;0.64;;0.41;0.39;0.36
BC;uur;µg/m³;2024-06-08T04:00:00+01:00;2024-06-08T05:00:00+01:00;0.56;0.64;0.83;0.87;0.43;0.39;0.56;0.38;0.71;0.66;;0.42;0.48;0.46
BC;uur;µg/m³;2024-06-08T05:00:00+01:00;2024-06-08T06:00:00+01:00;0.7;0.46;0.76;0.75;0.45;0.36;0.54;0.4;0.86;0.68;;0.41;0.43;0.44
BC;uur;µg/m³;2024-06-08T06:00:00+01:00;2024-06-08T07:00:00+01:00;0.63;0.39;0.54;0.47;0.53;0.34;0.6;0.36;0.72;0.67;;0.43;0.36;0.43
BC;uur;µg/m³;2024-06-08T07:00:00+01:00;2024-06-08T08:00:00+01:00;0.36;0.32;0.39;0.25;0.49;0.33;0.48;0.27;0.52;0.45;;0.43;0.29;0.4
BC;uur;µg/m³;2024-06-08T08:00:00+01:00;2024-06-08T09:00:00+01:00;0.28;0.34;0.4;0.18;0.41;0.35;0.62;0.3;0.54;0.35;;0.4;0.3;0.31
BC;uur;µg/m³;2024-06-08T09:00:00+01:00;2024-06-08T10:00:00+01:00;0.25;0.11;0.48;0.21;0.03;0.33;0.64;0.27;0.45;0.25;;0.36;0.26;0.24
BC;uur;µg/m³;2024-06-08T10:00:00+01:00;2024-06-08T11:00:00+01:00;0.25;0.15;0.59;0.21;0.18;0.34;0.64;0.3;0.5;0.27;;0.3;0.25;0.17
BC;uur;µg/m³;2024-06-08T11:00:00+01:00;2024-06-08T12:00:00+01:00;0.22;0.14;0.56;0.22;0.06;0.23;0.39;0.24;0.72;0.28;;0.23;0.27;0.2
BC;uur;µg/m³;2024-06-08T12:00:00+01:00;2024-06-08T13:00:00+01:00;0.21;0.13;0.75;0.22;0.08;0.23;0.35;0.2;0.67;0.3;;0.22;0.27;0.27
BC;uur;µg/m³;2024-06-08T13:00:00+01:00;2024-06-08T14:00:00+01:00;0.23;0.17;0.68;0.24;0.09;0.2;0.33;0.14;0.58;0.29;;0.24;0.22;0.33
BC;uur;µg/m³;2024-06-08T14:00:00+01:00;2024-06-08T15:00:00+01:00;0.4;0.18;0.68;0.27;0.13;0.14;0.33;0.19;0.58;0.24;;0.22;0.17;1
BC;uur;µg/m³;2024-06-08T15:00:00+01:00;2024-06-08T16:00:00+01:00;0.34;0.2;0.73;0.28;0.15;0.11;0.44;0.2;0.88;0.18;;0.24;0.18;1.54
BC;uur;µg/m³;2024-06-08T16:00:00+01:00;2024-06-08T17:00:00+01:00;0.21;0.23;0.71;0.21;0.16;0.29;0.38;0.19;0.45;0.14;;0.2;0.16;2.17
BC;uur;µg/m³;2024-06-08T17:00:00+01:00;2024-06-08T18:00:00+01:00;0.16;0.3;0.73;0.14;0.1;0.2;0.36;0.23;0.64;0.17;;0.18;0.1;3.03
BC;uur;µg/m³;2024-06-08T18:00:00+01:00;2024-06-08T19:00:00+01:00;0.14;0.29;0.31;0.17;-0.03;0.09;0.47;0.23;0.51;0.25;;0.2;0.07;2.63
BC;uur;µg/m³;2024-06-08T19:00:00+01:00;2024-06-08T20:00:00+01:00;0.15;0.26;0.35;0.24;0;0.06;0.42;0.13;0.49;0.27;;0.17;0.05;0.35
BC;uur;µg/m³;2024-06-08T20:00:00+01:00;2024-06-08T21:00:00+01:00;0.16;0.23;0.63;0.23;0.06;0.07;0.36;0.17;0.44;0.19;;0.17;0.06;0.15
BC;uur;µg/m³;2024-06-08T21:00:00+01:00;2024-06-08T22:00:00+01:00;0.16;0.47;0.44;0.17;0.1;0.63;0.47;0.34;0.24;0.16;;0.1;0.09;0.17
BC;uur;µg/m³;2024-06-08T22:00:00+01:00;2024-06-08T23:00:00+01:00;0.2;0.31;0.67;0.16;0.08;0.54;0.76;0.46;0.39;0.24;;0.1;0.14;0.19
BC;uur;µg/m³;2024-06-08T23:00:00+01:00;2024-06-09T00:00:00+01:00;0.21;0.22;0.7;0.27;0.37;0.36;0.57;0.63;0.54;0.26;;0.24;0.14;0.22
BC;uur;µg/m³;2024-06-09T00:00:00+01:00;2024-06-09T01:00:00+01:00;0.27;0.22;0.63;0.27;0.38;0.68;0.66;0.73;0.78;0.43;;0.23;0.17;0.96
BC;uur;µg/m³;2024-06-09T01:00:00+01:00;2024-06-09T02:00:00+01:00;0.48;0.19;1.17;0.38;0.33;0.51;0.56;0.65;0.7;0.47;;0.17;0.17;0.82
BC;uur;µg/m³;2024-06-09T02:00:00+01:00;2024-06-09T03:00:00+01:00;0.37;0.19;1.64;0.47;0.17;0.47;0.51;0.66;0.53;0.43;;0.19;0.16;0.16
BC;uur;µg/m³;2024-06-09T03:00:00+01:00;2024-06-09T04:00:00+01:00;0.34;0.18;1.48;0.64;0.09;0.61;0.52;0.63;0.53;0.42;;0.19;0.19;0.21
BC;uur;µg/m³;2024-06-09T04:00:00+01:00;2024-06-09T05:00:00+01:00;0.46;0.2;0.7;0.67;0.06;0.88;0.68;0.36;0.5;0.44;;0.2;0.19;0.19
BC;uur;µg/m³;2024-06-09T05:00:00+01:00;2024-06-09T06:00:00+01:00;0.53;0.22;0.55;0.69;0.11;0.81;0.75;0.23;0.45;0.41;;0.2;0.23;0.1
BC;uur;µg/m³;2024-06-09T06:00:00+01:00;2024-06-09T07:00:00+01:00;0.48;0.16;0.44;0.42;0.1;0.4;0.58;0.29;0.54;0.37;;0.11;0.15;0.1
BC;uur;µg/m³;2024-06-09T07:00:00+01:00;2024-06-09T08:00:00+01:00;0.17;0.15;0.45;0.27;0.1;0.24;0.28;0.19;0.45;0.24;;0.17;0.13;0.07
BC;uur;µg/m³;2024-06-09T08:00:00+01:00;2024-06-09T09:00:00+01:00;0.16;0.11;0.39;0.19;0.12;0.08;0.19;0.11;0.37;0.23;;0.17;0.13;-0.01
BC;uur;µg/m³;2024-06-09T09:00:00+01:00;2024-06-09T10:00:00+01:00;0.19;0.14;0.45;0.25;0.13;0.11;0.25;0.2;0.3;0.21;;0.16;0.14;0.08
BC;uur;µg/m³;2024-06-09T10:00:00+01:00;2024-06-09T11:00:00+01:00;0.29;0.14;0.42;0.23;0.19;0.07;0.28;0.22;0.42;0.16;;0.19;0.06;0.13
BC;uur;µg/m³;2024-06-09T11:00:00+01:00;2024-06-09T12:00:00+01:00;0.27;0.14;0.21;0.31;0.11;0.15;0.32;0.76;0.43;0.13;;0.18;0.13;0.2
BC;uur;µg/m³;2024-06-09T12:00:00+01:00;2024-06-09T13:00:00+01:00;0.18;0.15;0.28;0.32;0.14;0.13;0.34;0.14;0.28;0.1;;0.14;0.13;1.11
BC;uur;µg/m³;2024-06-09T13:00:00+01:00;2024-06-09T14:00:00+01:00;0.16;0.18;0.36;0.62;0.15;0.15;0.33;0.07;0.37;0.18;;0.11;0.18;0.74
BC;uur;µg/m³;2024-06-09T14:00:00+01:00;2024-06-09T15:00:00+01:00;0.19;0.18;0.39;0.63;0.13;0.13;0.34;0.11;0.46;0.25;;0.12;0.21;0.94
BC;uur;µg/m³;2024-06-09T15:00:00+01:00;2024-06-09T16:00:00+01:00;0.21;0.19;0.34;0.58;0.15;0.13;0.34;0.11;0.4;0.25;;0.17;0.16;0.92
BC;uur;µg/m³;2024-06-09T16:00:00+01:00;2024-06-09T17:00:00+01:00;0.18;0.16;0.39;0.16;0.09;0.1;0.34;0.09;0.87;0.2;;0.18;0.15;1.04
BC;uur;µg/m³;2024-06-09T17:00:00+01:00;2024-06-09T18:00:00+01:00;0.14;0.18;0.36;0.14;0.13;0.12;0.35;0.11;0.71;0.17;;0.15;0.12;1.62
BC;uur;µg/m³;2024-06-09T18:00:00+01:00;2024-06-09T19:00:00+01:00;0.15;0.24;0.33;0.11;0.13;0.16;0.37;0.13;0.39;0.15;;0.15;0.08;0.83
BC;uur;µg/m³;2024-06-09T19:00:00+01:00;2024-06-09T20:00:00+01:00;0.11;0.26;0.38;0.14;0.14;0.22;0.42;0.18;0.36;0.13;;0.12;0.11;0.13
BC;uur;µg/m³;2024-06-09T20:00:00+01:00;2024-06-09T21:00:00+01:00;0.24;0.23;0.52;0.15;0.22;0.29;0.45;0.26;0.56;0.24;;0.13;0.08;0.24
BC;uur;µg/m³;2024-06-09T21:00:00+01:00;2024-06-09T22:00:00+01:00;0.37;0.27;0.75;0.17;0.05;0.18;0.5;0.15;0.65;0.34;;0.16;0.09;0.15
BC;uur;µg/m³;2024-06-09T22:00:00+01:00;2024-06-09T23:00:00+01:00;0.35;0.48;0.66;0.29;0.09;0.14;0.51;0.17;0.52;0.34;;0.19;0.1;0.14
BC;uur;µg/m³;2024-06-09T23:00:00+01:00;2024-06-10T00:00:00+01:00;0.25;0.53;0.55;0.32;0.02;0.21;0.51;0.22;0.48;0.34;;0.21;0.08;0.18
BC;uur;µg/m³;2024-06-10T00:00:00+01:00;2024-06-10T01:00:00+01:00;0.23;0.42;0.37;0.36;0.11;0.15;0.31;0.16;0.41;0.32;;0.24;0.1;0.12
BC;uur;µg/m³;2024-06-10T01:00:00+01:00;2024-06-10T02:00:00+01:00;0.33;0.41;0.23;0.28;0.09;0.21;0.61;0.18;0.3;0.22;;0.27;0.09;0.1
BC;uur;µg/m³;2024-06-10T02:00:00+01:00;2024-06-10T03:00:00+01:00;0.33;0.28;0.28;0.23;0.14;0.16;0.34;0.29;0.31;0.19;;0.22;0.11;0.11
BC;uur;µg/m³;2024-06-10T03:00:00+01:00;2024-06-10T04:00:00+01:00;0.25;0.24;0.32;0.25;0.2;0.23;0.29;0.21;0.3;0.17;;0.25;0.13;0.11
BC;uur;µg/m³;2024-06-10T04:00:00+01:00;2024-06-10T05:00:00+01:00;0.27;0.26;0.41;0.27;0.14;0.31;0.45;0.31;0.41;0.23;;0.24;0.16;0.12
BC;uur;µg/m³;2024-06-10T05:00:00+01:00;2024-06-10T06:00:00+01:00;0.3;0.59;0.89;0.47;0.11;0.31;0.8;0.21;0.62;0.33;;0.26;0.11;0.11
BC;uur;µg/m³;2024-06-10T06:00:00+01:00;2024-06-10T07:00:00+01:00;0.34;0.38;0.96;0.72;0.2;0.31;0.7;0.28;0.87;0.36;;0.3;0.12;0.06
BC;uur;µg/m³;2024-06-10T07:00:00+01:00;2024-06-10T08:00:00+01:00;0.44;0.39;1.25;0.53;0.34;0.28;0.39;0.46;0.86;0.43;;0.4;0.15;0.24
BC;uur;µg/m³;2024-06-10T08:00:00+01:00;2024-06-10T09:00:00+01:00;0.46;0.52;0.88;0.47;0.41;0.45;0.46;0.5;0.72;0.47;;0.32;0.17;0.17
BC;uur;µg/m³;2024-06-10T09:00:00+01:00;2024-06-10T10:00:00+01:00;0.49;0.39;0.75;0.43;0.5;0.4;0.39;0.44;0.54;0.38;;0.27;0.21;0.17
BC;uur;µg/m³;2024-06-10T10:00:00+01:00;2024-06-10T11:00:00+01:00;0.46;0.34;0.66;0.35;0.14;0.24;0.46;0.27;0.53;0.42;;0.24;0.26;0.1
BC;uur;µg/m³;2024-06-10T11:00:00+01:00;2024-06-10T12:00:00+01:00;0.34;0.23;0.52;0.29;0.05;0.11;0.36;0.19;0.5;0.41;;0.28;0.22;0.09
BC;uur;µg/m³;2024-06-10T12:00:00+01:00;2024-06-10T13:00:00+01:00;0.25;0.22;0.59;0.22;0.06;0.11;0.29;0.15;0.44;0.28;;;0.18;0.1
BC;uur;µg/m³;2024-06-10T13:00:00+01:00;2024-06-10T14:00:00+01:00;0.17;0.19;0.6;0.15;0.04;0.09;0.3;0.08;0.33;0.2;;0.31;0.19;0.1
BC;uur;µg/m³;2024-06-10T14:00:00+01:00;2024-06-10T15:00:00+01:00;0.1;0.01;0.51;0.06;0.08;0.05;0.31;0.07;0.23;0.15;;0.35;0.28;0.08
BC;uur;µg/m³;2024-06-10T15:00:00+01:00;2024-06-10T16:00:00+01:00;0;-0.01;0.34;0.1;0.03;0.1;0.38;0.17;0.12;0.1;;0.2;0.27;0.07
BC;uur;µg/m³;2024-06-10T16:00:00+01:00;2024-06-10T17:00:00+01:00;0.1;0.03;0.6;0.16;0.01;0.07;0.23;0.11;0.47;0.22;;0.18;0.24;0.07
BC;uur;µg/m³;2024-06-10T17:00:00+01:00;2024-06-10T18:00:00+01:00;0.08;0.12;0.15;0.06;0.02;0.07;0.24;0.12;0.38;0.17;;0.13;0.04;0.08
BC;uur;µg/m³;2024-06-10T18:00:00+01:00;2024-06-10T19:00:00+01:00;0.02;0.09;0.16;0.03;0.02;0.1;0.27;0.12;0.24;0.09;;0.16;0.03;0.01
BC;uur;µg/m³;2024-06-10T19:00:00+01:00;2024-06-10T20:00:00+01:00;0.03;0.06;0.16;0.08;0.01;0.12;0.24;0.13;0.23;0.08;;0.14;0.02;0.05
BC;uur;µg/m³;2024-06-10T20:00:00+01:00;2024-06-10T21:00:00+01:00;0.06;0.14;0.23;0.12;0.01;0.08;0.29;0.15;0.19;0.12;;0.07;0.02;0.05
BC;uur;µg/m³;2024-06-10T21:00:00+01:00;2024-06-10T22:00:00+01:00;0.08;0.18;0.21;0.14;0.02;0.06;0.21;0.15;0.21;0.14;;0.05;0.03;0.03
BC;uur;µg/m³;2024-06-10T22:00:00+01:00;2024-06-10T23:00:00+01:00;0.06;0.13;0.22;0.14;0.01;0.05;0.28;0.07;0.24;0.15;;0.05;0.28;0.03
BC;uur;µg/m³;2024-06-10T23:00:00+01:00;2024-06-11T00:00:00+01:00;0.07;0.17;0.22;0.15;0.02;0.03;0.21;0.04;0.2;0.15;;0.06;0.76;0.02
BC;uur;µg/m³;2024-06-11T00:00:00+01:00;2024-06-11T01:00:00+01:00;0.2;0.14;0.19;0.12;0.02;0.03;0.36;0.02;0.18;0.13;;0.04;0.04;0
BC;uur;µg/m³;2024-06-11T01:00:00+01:00;2024-06-11T02:00:00+01:00;0.23;0.15;0.14;0.09;0.01;0.04;0.32;0.04;0.12;0.09;;0.06;0.04;0.03
BC;uur;µg/m³;2024-06-11T02:00:00+01:00;2024-06-11T03:00:00+01:00;0.14;0.1;0.12;0.09;0.01;0.02;0.13;0.03;0.12;0.09;;0.06;0.05;0.04
BC;uur;µg/m³;2024-06-11T03:00:00+01:00;2024-06-11T04:00:00+01:00;0.12;0.12;0.11;0.08;0.01;0.02;0.12;0.03;0.13;0.09;;0.07;0.03;0.03
BC;uur;µg/m³;2024-06-11T04:00:00+01:00;2024-06-11T05:00:00+01:00;0.11;0.14;0.19;0.14;0.02;0.03;0.2;0.03;0.19;0.1;;0.09;0.03;0.03
BC;uur;µg/m³;2024-06-11T05:00:00+01:00;2024-06-11T06:00:00+01:00;0.1;0.17;0.63;0.1;0.02;0.04;0.38;0.07;0.38;0.15;;0.11;0.02;0.05
BC;uur;µg/m³;2024-06-11T06:00:00+01:00;2024-06-11T07:00:00+01:00;0.13;0.12;0.56;0.17;0.03;0.08;0.44;0.12;0.52;0.26;;0.1;0;0.08
BC;uur;µg/m³;2024-06-11T07:00:00+01:00;2024-06-11T08:00:00+01:00;0.15;0.16;0.48;0.19;0.02;0.06;0.43;0.12;0.55;0.17;;0.07;0.01;0.13
BC;uur;µg/m³;2024-06-11T08:00:00+01:00;2024-06-11T09:00:00+01:00;0.1;0.07;0.28;0.1;0.01;0.05;0.26;0.07;0.45;0.17;;0.04;0.02;0.12
BC;uur;µg/m³;2024-06-11T09:00:00+01:00;2024-06-11T10:00:00+01:00;0.15;0.16;0.33;0.15;0.02;0.02;0.13;0.12;0.42;0.15;;0.07;0.05;0.14
BC;uur;µg/m³;2024-06-11T10:00:00+01:00;2024-06-11T11:00:00+01:00;0.11;0.11;0.48;0.19;0.02;0.02;0.19;0.17;0.6;0.19;;0.15;0;0.33
BC;uur;µg/m³;2024-06-11T11:00:00+01:00;2024-06-11T12:00:00+01:00;0.13;0.1;0.42;0.19;0.03;0.03;0.3;0.2;0.43;0.18;;0.12;0.04;0.12
BC;uur;µg/m³;2024-06-11T12:00:00+01:00;2024-06-11T13:00:00+01:00;0.12;0.2;0.46;0.12;0.02;0.03;0.22;0.53;0.46;0.12;;-0.02;0.01;0.21
BC;uur;µg/m³;2024-06-11T13:00:00+01:00;2024-06-11T14:00:00+01:00;0.09;0.14;0.44;0.09;0.02;0.03;0.29;3.4;0.62;0.19;;0.05;0.03;0.48
BC;uur;µg/m³;2024-06-11T14:00:00+01:00;2024-06-11T15:00:00+01:00;0.12;0.15;0.5;0.15;0.01;0.04;0.27;3.35;0.43;0.14;;0.07;0.05;0.03
BC;uur;µg/m³;2024-06-11T15:00:00+01:00;2024-06-11T16:00:00+01:00;0.21;0.16;0.77;0.24;0.01;0.03;0.27;0.97;0.61;0.17;;0.01;0.01;0.05
BC;uur;µg/m³;2024-06-11T16:00:00+01:00;2024-06-11T17:00:00+01:00;0.11;0.14;0.62;0.07;0.02;0.03;0.24;0.39;0.57;0.12;;0.07;0.03;0.08
BC;uur;µg/m³;2024-06-11T17:00:00+01:00;2024-06-11T18:00:00+01:00;0.13;0.14;0.39;0.03;0.02;0.04;0.22;0.11;0.4;0.09;;0.26;0.04;0.06
BC;uur;µg/m³;2024-06-11T18:00:00+01:00;2024-06-11T19:00:00+01:00;0.21;0.22;0.54;0.11;0.02;0.03;0.3;0.25;0.31;0.11;;0.03;0.04;0.13
BC;uur;µg/m³;2024-06-11T19:00:00+01:00;2024-06-11T20:00:00+01:00;0.03;0.25;0.48;0.15;0.02;0.04;0.45;0.19;0.65;0.14;;0.1;0.07;0.13
BC;uur;µg/m³;2024-06-11T20:00:00+01:00;2024-06-11T21:00:00+01:00;0.13;0.14;0.44;0.14;0.01;0.04;0.41;0.16;0.4;0.11;;0.13;0.11;0.09
BC;uur;µg/m³;2024-06-11T21:00:00+01:00;2024-06-11T22:00:00+01:00;0.21;0.25;0.48;0.14;0.02;0.03;0.2;0.11;0.59;0.13;;0.16;0.06;0.12
BC;uur;µg/m³;2024-06-11T22:00:00+01:00;2024-06-11T23:00:00+01:00;0.26;0.23;0.34;0.12;0.01;0.05;0.36;0.17;0.42;0.11;;0.13;0.08;0.05
BC;uur;µg/m³;2024-06-11T23:00:00+01:00;2024-06-12T00:00:00+01:00;0.3;0.24;0.25;0.13;0.01;0.04;0.18;0.04;0.44;0.14;;0.12;0.05;0.09
BC;uur;µg/m³;2024-06-12T00:00:00+01:00;2024-06-12T01:00:00+01:00;0.27;0.21;0.27;0.13;0.01;0.02;0.33;0.03;0.31;0.11;;0.06;0.02;0.1
BC;uur;µg/m³;2024-06-12T01:00:00+01:00;2024-06-12T02:00:00+01:00;0.25;0.2;0.2;0.11;0.01;0.04;0.29;0.06;0.3;0.14;;0.04;0.03;0.06
BC;uur;µg/m³;2024-06-12T02:00:00+01:00;2024-06-12T03:00:00+01:00;0.2;0.18;0.17;0.11;0.01;0.01;0.12;0.07;0.23;0.15;;0.05;0.04;0.03
BC;uur;µg/m³;2024-06-12T03:00:00+01:00;2024-06-12T04:00:00+01:00;0.13;0.15;0.14;0.11;0.01;0.02;0.12;0.04;0.21;0.12;;0.06;0.03;0.03
BC;uur;µg/m³;2024-06-12T04:00:00+01:00;2024-06-12T05:00:00+01:00;0.18;0.21;0.22;0.15;0.02;0.02;0.18;0.06;0.38;0.12;;0.08;0.04;0.04
BC;uur;µg/m³;2024-06-12T05:00:00+01:00;2024-06-12T06:00:00+01:00;0.19;0.19;0.45;0.16;0.02;0.06;0.5;0.08;0.5;0.18;;0.07;0.03;0.1
BC;uur;µg/m³;2024-06-12T06:00:00+01:00;2024-06-12T07:00:00+01:00;0.18;0.21;0.72;0.3;0.01;0.05;0.34;0.1;0.8;0.2;;0.14;0.03;0.13
BC;uur;µg/m³;2024-06-12T07:00:00+01:00;2024-06-12T08:00:00+01:00;0.07;0.2;0.58;0.15;0.02;0.12;0.27;0.01;0.64;0.17;;0.13;0.02;0.14
BC;uur;µg/m³;2024-06-12T08:00:00+01:00;2024-06-12T09:00:00+01:00;0.02;0.22;0.47;0.1;0.02;0.13;0.23;0.19;0.4;0.14;;0.09;0.02;0.57
BC;uur;µg/m³;2024-06-12T09:00:00+01:00;2024-06-12T10:00:00+01:00;0.17;0.16;0.41;0.11;0.01;0.04;0.26;3.3;0.4;0.12;;0.06;0.02;0.11
BC;uur;µg/m³;2024-06-12T10:00:00+01:00;2024-06-12T11:00:00+01:00;0.07;0.09;0.47;0.1;0.01;0.05;0.23;1.61;0.32;0.08;;0.05;0.03;0.11
BC;uur;µg/m³;2024-06-12T11:00:00+01:00;2024-06-12T12:00:00+01:00;0.13;0.14;0.43;0.11;0.02;0.05;0.23;0.3;0.41;0.11;;0.05;0.02;-0.01
BC;uur;µg/m³;2024-06-12T12:00:00+01:00;2024-06-12T13:00:00+01:00;0.16;0.15;0.75;0.16;0.04;0.03;0.27;0.37;0.4;0.1;;0.05;0.01;0.12
BC;uur;µg/m³;2024-06-12T13:00:00+01:00;2024-06-12T14:00:00+01:00;0.39;0.18;0.63;0.15;0.04;0.05;0.28;0.58;0.71;0.14;;0.11;0.02;0.04
BC;uur;µg/m³;2024-06-12T14:00:00+01:00;2024-06-12T15:00:00+01:00;0.45;0.12;0.56;0.12;0.03;0.05;0.3;0.11;0.55;0.12;;0.04;0.02;0.04
BC;uur;µg/m³;2024-06-12T15:00:00+01:00;2024-06-12T16:00:00+01:00;0.12;0.16;1.11;0.14;0.03;0.05;0.27;1.3;0.59;0.16;;0.06;0.02;0.05
BC;uur;µg/m³;2024-06-12T16:00:00+01:00;2024-06-12T17:00:00+01:00;0.1;0.19;0.72;0.15;0.04;0.04;0.26;0.27;0.53;0.15;;0.04;0.03;0.12
BC;uur;µg/m³;2024-06-12T17:00:00+01:00;2024-06-12T18:00:00+01:00;0.11;0.18;0.52;0.16;0.04;0.13;0.3;2.88;0.43;0.16;;0.06;0.03;0.03
BC;uur;µg/m³;2024-06-12T18:00:00+01:00;2024-06-12T19:00:00+01:00;0.14;0.23;0.51;0.15;0.03;0.08;0.39;0.64;0.42;0.16;;0.06;0.03;0.06
BC;uur;µg/m³;2024-06-12T19:00:00+01:00;2024-06-12T20:00:00+01:00;0.09;0.26;0.59;0.25;0.05;0.06;0.45;0.15;0.46;0.15;;0.09;0.03;0.15
BC;uur;µg/m³;2024-06-12T20:00:00+01:00;2024-06-12T21:00:00+01:00;0.09;0.3;0.54;0.33;0.05;0.07;0.31;0.17;0.26;0.14;;0.1;0.05;0.26
BC;uur;µg/m³;2024-06-12T21:00:00+01:00;2024-06-12T22:00:00+01:00;0.1;0.38;0.7;0.24;0.08;0.1;0.37;0.24;0.36;0.18;;0.19;0.07;0.1
BC;uur;µg/m³;2024-06-12T22:00:00+01:00;2024-06-12T23:00:00+01:00;0.21;0.72;0.76;0.24;0.09;0.08;0.36;0.14;0.43;0.24;;0.11;0.06;0.14
BC;uur;µg/m³;2024-06-12T23:00:00+01:00;2024-06-13T00:00:00+01:00;0.14;0.65;0.74;0.51;0.07;0.11;0.24;0.22;0.38;0.28;;0.12;0.13;0.13
BC;uur;µg/m³;2024-06-13T00:00:00+01:00;2024-06-13T01:00:00+01:00;0.14;0.64;0.49;0.45;0.12;0.12;0.25;0.31;0.43;0.25;;0.12;0.07;0.13
BC;uur;µg/m³;2024-06-13T01:00:00+01:00;2024-06-13T02:00:00+01:00;0.18;0.43;0.38;0.36;0.18;0.2;0.44;0.25;0.32;0.27;;0.15;0.07;0.07
BC;uur;µg/m³;2024-06-13T02:00:00+01:00;2024-06-13T03:00:00+01:00;0.21;0.36;0.52;0.41;0.27;0.3;0.35;0.3;0.29;0.26;;0.2;0.07;0.07
BC;uur;µg/m³;2024-06-13T03:00:00+01:00;2024-06-13T04:00:00+01:00;0.23;0.38;0.67;0.45;0.3;0.35;0.65;0.31;0.31;0.23;;0.21;0.08;0.06
BC;uur;µg/m³;2024-06-13T04:00:00+01:00;2024-06-13T05:00:00+01:00;0.27;0.35;0.71;0.51;0.4;0.39;0.82;0.29;0.32;0.21;;0.19;0.13;0.09
BC;uur;µg/m³;2024-06-13T05:00:00+01:00;2024-06-13T06:00:00+01:00;0.38;0.5;0.8;0.5;0.43;0.38;0.83;0.25;0.5;0.26;;0.23;0.11;0.12
BC;uur;µg/m³;2024-06-13T06:00:00+01:00;2024-06-13T07:00:00+01:00;0.54;0.29;0.82;0.52;1.53;0.36;0.65;0.31;0.59;0.36;;0.27;0.16;0.16
BC;uur;µg/m³;2024-06-13T07:00:00+01:00;2024-06-13T08:00:00+01:00;0.43;0.17;0.69;0.43;0.59;0.33;0.56;0.27;0.62;0.38;;0.3;0.36;0.3
BC;uur;µg/m³;2024-06-13T08:00:00+01:00;2024-06-13T09:00:00+01:00;0.41;0.17;0.58;0.3;0.33;0.31;1.08;0.3;0.55;0.42;;0.2;0.28;0.22
BC;uur;µg/m³;2024-06-13T09:00:00+01:00;2024-06-13T10:00:00+01:00;0.27;0.18;0.47;0.21;0.37;0.32;5.36;0.3;0.52;0.28;;0.2;0.27;0.32
BC;uur;µg/m³;2024-06-13T10:00:00+01:00;2024-06-13T11:00:00+01:00;0.36;0.2;0.58;0.21;0.43;0.29;2.43;0.25;0.45;0.23;;0.22;0.24;0.4
BC;uur;µg/m³;2024-06-13T11:00:00+01:00;2024-06-13T12:00:00+01:00;0.26;0.22;0.7;0.28;0.4;0.24;1.21;0.24;0.52;0.26;;0.26;0.25;0.4
BC;uur;µg/m³;2024-06-13T12:00:00+01:00;2024-06-13T13:00:00+01:00;0.18;0.27;0.54;0.26;0.25;0.26;0.76;0.25;0.49;0.26;;0.31;0.29;0.44
BC;uur;µg/m³;2024-06-13T13:00:00+01:00;2024-06-13T14:00:00+01:00;0.15;0.22;0.63;0.27;0.23;0.29;0.72;0.29;0.52;0.3;;0.27;0.4;0.41
BC;uur;µg/m³;2024-06-13T14:00:00+01:00;2024-06-13T15:00:00+01:00;0.23;0.51;0.81;0.2;0.18;0.32;0.66;0.29;0.49;0.25;;0.25;0.61;0.32
BC;uur;µg/m³;2024-06-13T15:00:00+01:00;2024-06-13T16:00:00+01:00;0.27;0.23;0.66;0.24;0.18;0.47;0.61;0.32;0.49;0.27;;0.24;0.32;0.36
BC;uur;µg/m³;2024-06-13T16:00:00+01:00;2024-06-13T17:00:00+01:00;0.39;0.23;0.85;0.29;0.28;0.41;0.64;0.35;0.56;0.33;;0.26;0.4;0.31
BC;uur;µg/m³;2024-06-13T17:00:00+01:00;2024-06-13T18:00:00+01:00;0.45;0.22;0.62;0.28;0.26;0.38;0.71;0.33;0.53;0.35;;0.29;0.23;0.29
BC;uur;µg/m³;2024-06-13T18:00:00+01:00;2024-06-13T19:00:00+01:00;1.43;0.23;0.61;0.32;0.3;0.37;0.99;0.46;0.45;0.35;;0.33;0.26;0.32
BC;uur;µg/m³;2024-06-13T19:00:00+01:00;2024-06-13T20:00:00+01:00;0.69;0.22;0.65;0.35;0.31;0.39;1.33;0.91;0.51;0.45;;0.33;0.3;0.34
BC;uur;µg/m³;2024-06-13T20:00:00+01:00;2024-06-13T21:00:00+01:00;0.53;0.38;0.86;0.45;0.32;0.39;0.88;0.78;0.84;0.97;;0.54;0.38;0.42
BC;uur;µg/m³;2024-06-13T21:00:00+01:00;2024-06-13T22:00:00+01:00;0.5;0.32;0.99;0.63;0.33;0.44;0.83;0.7;0.94;0.71;;0.5;0.43;0.55
BC;uur;µg/m³;2024-06-13T22:00:00+01:00;2024-06-13T23:00:00+01:00;0.48;0.42;0.98;0.66;0.35;0.45;0.78;0.56;0.73;0.64;;0.58;0.32;0.53
BC;uur;µg/m³;2024-06-13T23:00:00+01:00;2024-06-14T00:00:00+01:00;0.47;0.81;0.77;0.62;0.4;0.48;1.08;0.7;0.86;0.76;;0.35;0.32;0.47
BC;uur;µg/m³;2024-06-14T00:00:00+01:00;2024-06-14T01:00:00+01:00;0.41;0.23;0.65;0.54;0.5;0.75;0.63;0.9;0.64;0.61;;0.34;0.32;0.43
BC;uur;µg/m³;2024-06-14T01:00:00+01:00;2024-06-14T02:00:00+01:00;0.38;0.2;0.55;0.45;0.58;0.79;0.63;0.75;0.53;0.49;;0.34;0.32;0.41
BC;uur;µg/m³;2024-06-14T02:00:00+01:00;2024-06-14T03:00:00+01:00;0.34;0.19;0.47;0.38;0.47;0.75;0.81;0.68;0.43;0.38;;0.35;0.33;0.37
BC;uur;µg/m³;2024-06-14T03:00:00+01:00;2024-06-14T04:00:00+01:00;0.32;0.25;0.54;0.45;0.33;0.45;0.69;0.54;0.36;0.3;;0.33;0.32;0.35
BC;uur;µg/m³;2024-06-14T04:00:00+01:00;2024-06-14T05:00:00+01:00;0.39;0.26;0.52;0.46;0.24;0.36;0.48;0.31;0.46;0.37;;0.34;0.3;0.32
BC;uur;µg/m³;2024-06-14T05:00:00+01:00;2024-06-14T06:00:00+01:00;0.29;0.22;0.5;0.35;0.29;0.3;0.42;0.34;0.55;0.43;;0.37;0.32;0.33
BC;uur;µg/m³;2024-06-14T06:00:00+01:00;2024-06-14T07:00:00+01:00;0.23;0.26;0.54;0.36;0.31;0.33;0.36;0.34;0.43;0.41;;0.54;0.36;0.42
BC;uur;µg/m³;2024-06-14T07:00:00+01:00;2024-06-14T08:00:00+01:00;0.21;0.25;0.52;0.31;0.34;0.32;0.38;0.3;0.35;0.28;;0.39;0.38;0.5
BC;uur;µg/m³;2024-06-14T08:00:00+01:00;2024-06-14T09:00:00+01:00;0.19;0.17;0.42;0.24;0.32;0.25;0.54;0.28;0.43;0.3;;0.22;0.31;0.44
BC;uur;µg/m³;2024-06-14T09:00:00+01:00;2024-06-14T10:00:00+01:00;0.23;0.17;0.43;0.2;0.32;0.27;0.56;0.26;0.51;0.29;;0.17;0.19;0.23
BC;uur;µg/m³;2024-06-14T10:00:00+01:00;2024-06-14T11:00:00+01:00;0.27;0.18;0.56;0.26;0.29;0.32;0.54;0.25;0.44;0.3;;0.24;0.19;0.24
BC;uur;µg/m³;2024-06-14T11:00:00+01:00;2024-06-14T12:00:00+01:00;0.27;0.2;0.64;0.24;0.2;0.35;0.59;0.23;0.67;0.32;;0.31;0.18;0.27
BC;uur;µg/m³;2024-06-14T12:00:00+01:00;2024-06-14T13:00:00+01:00;0.22;0.2;0.54;0.24;0.31;0.21;0.7;0.27;0.5;0.3;;0.35;0.26;0.26
BC;uur;µg/m³;2024-06-14T13:00:00+01:00;2024-06-14T14:00:00+01:00;0.25;0.17;0.59;0.24;0.24;0.39;0.6;0.27;0.51;0.32;;0.4;0.27;0.26
BC;uur;µg/m³;2024-06-14T14:00:00+01:00;2024-06-14T15:00:00+01:00;0.23;0.1;0.93;0.3;0.16;0.38;0.51;0.26;0.66;0.26;;0.3;0.26;0.3
BC;uur;µg/m³;2024-06-14T15:00:00+01:00;2024-06-14T16:00:00+01:00;0.4;0.12;0.77;0.11;0.08;0.32;0.48;0.28;0.57;0.32;;0.31;0.28;0.32
BC;uur;µg/m³;2024-06-14T16:00:00+01:00;2024-06-14T17:00:00+01:00;0.22;0.2;0.54;0.15;0.19;0.31;0.4;0.32;0.7;0.31;;0.38;0.31;0.37
BC;uur;µg/m³;2024-06-14T17:00:00+01:00;2024-06-14T18:00:00+01:00;0.16;0.13;0.53;0.25;0.24;0.24;0.42;0.19;0.4;0.18;;0.3;0.22;0.31
BC;uur;µg/m³;2024-06-14T18:00:00+01:00;2024-06-14T19:00:00+01:00;0.15;0.18;0.59;0.25;0.31;0.23;0.49;0.27;0.36;0.25;;0.26;0.17;0.19
BC;uur;µg/m³;2024-06-14T19:00:00+01:00;2024-06-14T20:00:00+01:00;0.19;0.27;0.54;0.38;0.27;0.28;0.44;0.25;0.38;0.29;;0.27;0.31;0.3
BC;uur;µg/m³;2024-06-14T20:00:00+01:00;2024-06-14T21:00:00+01:00;0.26;0.61;0.63;0.44;0.32;0.3;0.42;0.32;0.53;0.29;;0.27;0.47;0.29
BC;uur;µg/m³;2024-06-14T21:00:00+01:00;2024-06-14T22:00:00+01:00;0.4;0.75;0.71;0.43;0.36;0.4;0.47;0.59;0.47;0.32;;0.57;0.36;0.34
BC;uur;µg/m³;2024-06-14T22:00:00+01:00;2024-06-14T23:00:00+01:00;0.41;0.37;0.95;0.4;0.27;0.19;0.35;0.38;0.42;0.31;;0.81;0.42;0.4
BC;uur;µg/m³;2024-06-14T23:00:00+01:00;2024-06-15T00:00:00+01:00;0.42;0.22;0.64;0.31;0.21;0.17;0.15;0.29;0.57;0.3;;0.37;0.34;0.39
BC;uur;µg/m³;2024-06-15T00:00:00+01:00;2024-06-15T01:00:00+01:00;0.28;0.29;0.52;0.31;0.33;0.2;0.26;0.27;0.3;0.13;;0.34;0.33;0.34
BC;uur;µg/m³;2024-06-15T01:00:00+01:00;2024-06-15T02:00:00+01:00;0.19;0.04;0.39;0.31;0.33;0.3;0.7;0.28;0.29;0.19;;0.25;0.19;0.31
BC;uur;µg/m³;2024-06-15T02:00:00+01:00;2024-06-15T03:00:00+01:00;0.18;0.03;0.36;0.2;0.33;0.3;0.35;0.4;0.32;0.27;;0.21;0.14;0.25
BC;uur;µg/m³;2024-06-15T03:00:00+01:00;2024-06-15T04:00:00+01:00;0.16;0.06;0.21;0.18;0.46;0.34;0.55;0.31;0.28;0.21;;0.25;0.09;0.17
BC;uur;µg/m³;2024-06-15T04:00:00+01:00;2024-06-15T05:00:00+01:00;0.1;0.19;0.14;0.11;0.36;0.31;0.4;0.26;0.17;0.16;;0.16;0.07;0.11
BC;uur;µg/m³;2024-06-15T05:00:00+01:00;2024-06-15T06:00:00+01:00;0.08;0.05;0.13;0.08;0.15;0.21;0.31;0.24;0.15;0.12;;0.14;0.11;0.1
BC;uur;µg/m³;2024-06-15T06:00:00+01:00;2024-06-15T07:00:00+01:00;0.04;0.1;0.11;0.06;0.04;0.11;0.23;0.1;0.13;0.11;;0.12;0.14;0.1
BC;uur;µg/m³;2024-06-15T07:00:00+01:00;2024-06-15T08:00:00+01:00;0.03;0.05;0.08;0.04;0.06;0.08;0.24;0.08;0.12;0.1;;0.1;0.14;0.15
BC;uur;µg/m³;2024-06-15T08:00:00+01:00;2024-06-15T09:00:00+01:00;0.03;0.02;0.17;0.06;0.06;0.08;0.21;0.09;0.15;0.06;;0.06;0.11;0.09
BC;uur;µg/m³;2024-06-15T09:00:00+01:00;2024-06-15T10:00:00+01:00;0.05;0.07;0.27;0.08;0.04;0.11;0.27;0.09;0.22;0.07;;0.05;0.06;0.05
BC;uur;µg/m³;2024-06-15T10:00:00+01:00;2024-06-15T11:00:00+01:00;0.07;0.07;0.22;0.09;0.02;0.08;0.24;0.1;0.24;0.1;;0.07;0.06;0.09
BC;uur;µg/m³;2024-06-15T11:00:00+01:00;2024-06-15T12:00:00+01:00;0.07;0.07;0.35;0.1;0.05;0.08;0.27;0.1;0.2;0.09;;0.08;0.09;0.1
BC;uur;µg/m³;2024-06-15T12:00:00+01:00;2024-06-15T13:00:00+01:00;0.06;0.08;0.34;0.13;0.05;0.11;0.22;0.08;0.21;0.11;;0.08;0.07;0.06
BC;uur;µg/m³;2024-06-15T13:00:00+01:00;2024-06-15T14:00:00+01:00;0.08;0.1;0.49;0.12;0.1;0.12;0.4;0.09;0.24;0.13;;0.1;0.08;0.05
BC;uur;µg/m³;2024-06-15T14:00:00+01:00;2024-06-15T15:00:00+01:00;0.08;0.11;0.55;0.12;0.11;0.12;0.27;0.12;0.25;0.13;;0.1;0.08;0.06
BC;uur;µg/m³;2024-06-15T15:00:00+01:00;2024-06-15T16:00:00+01:00;0.09;0.13;0.33;0.12;0.17;0.12;0.35;0.12;0.3;0.15;;0.11;0.11;0.06
BC;uur;µg/m³;2024-06-15T16:00:00+01:00;2024-06-15T17:00:00+01:00;0.13;0.14;0.4;0.22;0.21;0.16;0.32;0.1;0.28;0.1;;0.13;0.12;0.15
BC;uur;µg/m³;2024-06-15T17:00:00+01:00;2024-06-15T18:00:00+01:00;0.15;0.14;0.42;0.2;0.1;0.14;0.34;0.12;0.23;0.19;;0.12;0.1;0.11
BC;uur;µg/m³;2024-06-15T18:00:00+01:00;2024-06-15T19:00:00+01:00;0.15;0.15;0.36;0.2;0.09;0.08;0.29;0.14;0.34;0.16;;0.13;0.12;0.14
BC;uur;µg/m³;2024-06-15T19:00:00+01:00;2024-06-15T20:00:00+01:00;0.16;0.16;0.3;0.22;0.14;0.09;0.25;0.09;0.41;0.21;;0.15;0.12;0.19
BC;uur;µg/m³;2024-06-15T20:00:00+01:00;2024-06-15T21:00:00+01:00;0.14;0.21;0.33;0.19;0.17;0.13;0.37;1.07;0.28;0.2;;0.17;0.15;0.31
BC;uur;µg/m³;2024-06-15T21:00:00+01:00;2024-06-15T22:00:00+01:00;0.15;0.19;0.29;0.2;0.19;0.23;0.43;0.52;0.3;0.27;;0.26;0.18;0.22
BC;uur;µg/m³;2024-06-15T22:00:00+01:00;2024-06-15T23:00:00+01:00;0.16;0.17;0.34;0.2;0.2;0.27;0.4;0.21;0.26;0.2;;0.16;0.17;0.17
BC;uur;µg/m³;2024-06-15T23:00:00+01:00;2024-06-16T00:00:00+01:00;0.17;0.14;0.29;0.23;0.2;0.19;0.34;0.17;0.33;0.26;;0.12;0.15;0.15
BC;uur;µg/m³;2024-06-16T00:00:00+01:00;2024-06-16T01:00:00+01:00;0.15;0.19;0.25;0.17;0.19;0.15;0.31;0.18;0.24;0.19;;0.13;0.13;0.17
BC;uur;µg/m³;2024-06-16T01:00:00+01:00;2024-06-16T02:00:00+01:00;0.15;0.2;0.21;0.18;0.19;0.17;0.29;0.2;0.22;0.44;;0.15;0.14;0.2
BC;uur;µg/m³;2024-06-16T02:00:00+01:00;2024-06-16T03:00:00+01:00;0.13;0.05;0.17;0.14;0.13;0.16;0.35;0.21;0.27;0.16;;0.17;0.13;0.18
BC;uur;µg/m³;2024-06-16T03:00:00+01:00;2024-06-16T04:00:00+01:00;0.09;0.06;0.15;0.14;0.14;0.17;0.33;0.2;0.12;0.09;;0.16;0.13;0.16
BC;uur;µg/m³;2024-06-16T04:00:00+01:00;2024-06-16T05:00:00+01:00;0.08;0.12;0.15;0.12;0.12;0.15;0.23;0.15;0.15;0.11;;0.11;0.15;0.15
BC;uur;µg/m³;2024-06-16T05:00:00+01:00;2024-06-16T06:00:00+01:00;0.09;0.08;0.16;0.12;0.13;0.17;0.21;0.14;0.15;0.12;;0.07;0.12;0.16
BC;uur;µg/m³;2024-06-16T06:00:00+01:00;2024-06-16T07:00:00+01:00;0.11;0.04;0.16;0.11;0.13;0.16;0.24;0.11;0.11;0.11;;0.08;0.1;0.12
BC;uur;µg/m³;2024-06-16T07:00:00+01:00;2024-06-16T08:00:00+01:00;0.09;0.03;0.14;0.11;0.12;0.13;0.19;0.14;0.12;0.15;;0.1;0.08;0.09
BC;uur;µg/m³;2024-06-16T08:00:00+01:00;2024-06-16T09:00:00+01:00;0.07;0.05;0.14;0.13;0.11;0.14;0.33;0.12;0.16;0.11;;0.06;0.07;0.09
BC;uur;µg/m³;2024-06-16T09:00:00+01:00;2024-06-16T10:00:00+01:00;0.06;0.06;0.25;0.16;0.1;0.11;0.22;0.1;0.14;0.08;;0.06;0.08;0.09
BC;uur;µg/m³;2024-06-16T10:00:00+01:00;2024-06-16T11:00:00+01:00;0.1;0.07;0.28;0.11;0.12;0.1;0.34;0.09;0.3;0.13;;0.08;0.06;0.07
BC;uur;µg/m³;2024-06-16T11:00:00+01:00;2024-06-16T12:00:00+01:00;0.12;0.18;0.29;0.12;0.16;0.06;0.34;0.11;0.22;0.28;;0.12;0.09;0.12
BC;uur;µg/m³;2024-06-16T12:00:00+01:00;2024-06-16T13:00:00+01:00;0.04;0.02;0.43;0.14;0.07;0.08;0.22;0.13;0.14;0.08;;0.06;0.08;0.06
BC;uur;µg/m³;2024-06-16T13:00:00+01:00;2024-06-16T14:00:00+01:00;0.04;0.09;0.44;0.1;0.08;0.08;0.37;0.1;0.24;0.1;;0.16;0.07;0.11
BC;uur;µg/m³;2024-06-16T14:00:00+01:00;2024-06-16T15:00:00+01:00;0.13;0.05;0.31;0.2;0.14;0.08;0.26;0.1;0.19;0.08;;0.15;0.05;0.17
BC;uur;µg/m³;2024-06-16T15:00:00+01:00;2024-06-16T16:00:00+01:00;0.14;0.07;0.29;0.16;0.04;0.07;0.31;0.08;0.17;0.08;;0.08;0.08;0.03
BC;uur;µg/m³;2024-06-16T16:00:00+01:00;2024-06-16T17:00:00+01:00;0.14;0.28;0.3;0.11;0.09;0.03;0.12;0.05;0.22;0.2;;0.16;0.06;0.07
BC;uur;µg/m³;2024-06-16T17:00:00+01:00;2024-06-16T18:00:00+01:00;0.04;0.11;0.37;0.13;0.08;0.07;0.18;0.08;0.14;0.11;;0.2;0.05;0.11
BC;uur;µg/m³;2024-06-16T18:00:00+01:00;2024-06-16T19:00:00+01:00;0.08;0.01;0.32;0.09;0.09;0.13;0.3;0.09;0.19;0.1;;0.22;0.06;0.04
BC;uur;µg/m³;2024-06-16T19:00:00+01:00;2024-06-16T20:00:00+01:00;0.08;0.13;0.59;0.23;0.11;0.12;0.4;0.1;0.38;0.15;;0.16;0.1;0.12
BC;uur;µg/m³;2024-06-16T20:00:00+01:00;2024-06-16T21:00:00+01:00;0.18;0.18;1.24;0.37;0.11;0.16;0.48;0.12;0.47;0.19;;0.33;0.15;0.12
BC;uur;µg/m³;2024-06-16T21:00:00+01:00;2024-06-16T22:00:00+01:00;0.21;0.26;1.01;0.34;0.13;0.14;0.52;0.17;0.42;0.23;;0.44;0.19;0.14
BC;uur;µg/m³;2024-06-16T22:00:00+01:00;2024-06-16T23:00:00+01:00;0.18;0.22;0.66;0.29;0.13;0.17;0.57;0.15;0.39;0.31;;0.25;0.18;0.19
BC;uur;µg/m³;2024-06-16T23:00:00+01:00;2024-06-17T00:00:00+01:00;0.13;0.12;0.48;0.2;0.16;0.22;0.5;0.16;0.26;0.22;;0.24;0.18;0.17
BC;uur;µg/m³;2024-06-17T00:00:00+01:00;2024-06-17T01:00:00+01:00;0.13;0.13;0.35;0.24;0.28;0.23;0.49;0.27;0.25;0.21;;0.18;0.21;0.16
BC;uur;µg/m³;2024-06-17T01:00:00+01:00;2024-06-17T02:00:00+01:00;0.14;0.14;0.58;0.26;0.45;0.19;0.66;0.26;0.21;0.2;;0.2;0.22;0.17
BC;uur;µg/m³;2024-06-17T02:00:00+01:00;2024-06-17T03:00:00+01:00;0.15;0;0.32;0.26;0.18;0.24;0.28;0.28;0.25;0.2;;0.22;0.23;0.2
BC;uur;µg/m³;2024-06-17T03:00:00+01:00;2024-06-17T04:00:00+01:00;0.17;0.06;0.27;0.29;0.16;0.25;0.34;0.36;0.26;0.2;;0.16;0.26;0.22
BC;uur;µg/m³;2024-06-17T04:00:00+01:00;2024-06-17T05:00:00+01:00;0.2;0.13;0.4;0.26;0.2;0.23;0.55;0.41;0.3;0.2;;0.16;0.21;0.21
BC;uur;µg/m³;2024-06-17T05:00:00+01:00;2024-06-17T06:00:00+01:00;0.22;0.05;0.7;0.28;0.25;0.27;0.84;0.35;0.61;0.38;;0.28;0.21;0.31
BC;uur;µg/m³;2024-06-17T06:00:00+01:00;2024-06-17T07:00:00+01:00;0.29;0.18;0.99;0.43;0.31;0.26;0.71;0.31;0.57;0.28;;0.36;0.23;0.27
BC;uur;µg/m³;2024-06-17T07:00:00+01:00;2024-06-17T08:00:00+01:00;0.3;0.17;1.28;0.35;0.2;0.27;0.51;0.22;0.55;0.3;;0.33;0.19;0.29
BC;uur;µg/m³;2024-06-17T08:00:00+01:00;2024-06-17T09:00:00+01:00;0.23;0.14;0.6;0.22;0.12;0.32;0.41;0.18;0.75;0.36;;0.3;0.15;0.16
BC;uur;µg/m³;2024-06-17T09:00:00+01:00;2024-06-17T10:00:00+01:00;0.21;0.11;0.59;0.26;0.15;0.33;0.58;0.21;0.78;0.33;;0.26;0.14;0.14
BC;uur;µg/m³;2024-06-17T10:00:00+01:00;2024-06-17T11:00:00+01:00;0.2;0.18;0.54;0.26;0.15;0.26;0.49;0.18;0.71;0.35;;0.24;0.13;0.13
BC;uur;µg/m³;2024-06-17T11:00:00+01:00;2024-06-17T12:00:00+01:00;0.18;0.24;0.51;0.21;0.18;0.25;0.51;0.17;;0.19;;0.2;0.09;0.18
BC;uur;µg/m³;2024-06-17T12:00:00+01:00;2024-06-17T13:00:00+01:00;0.11;0.21;0.55;0.11;0.17;0.16;0.39;0.12;;0.13;;0.17;0.09;0.19
BC;uur;µg/m³;2024-06-17T13:00:00+01:00;2024-06-17T14:00:00+01:00;0.09;0.24;0.42;0.1;0.16;0.26;0.33;0.12;0.53;0.2;;0.15;0.1;0.21
BC;uur;µg/m³;2024-06-17T14:00:00+01:00;2024-06-17T15:00:00+01:00;0.13;0.22;0.74;0.15;0.12;0.11;0.44;0.1;0.84;0.31;;0.17;0.13;0.21
BC;uur;µg/m³;2024-06-17T15:00:00+01:00;2024-06-17T16:00:00+01:00;0.13;0.26;0.83;0.16;0.08;0.11;0.38;0.16;0.63;0.26;;0.11;0.2;0.27
BC;uur;µg/m³;2024-06-17T16:00:00+01:00;2024-06-17T17:00:00+01:00;0.27;0.2;1.13;0.22;0.09;0.13;0.48;0.14;0.57;0.23;;0.19;0.19;0.23
BC;uur;µg/m³;2024-06-17T17:00:00+01:00;2024-06-17T18:00:00+01:00;0.21;0.17;0.62;0.21;0.15;0.14;0.33;0.28;0.54;0.24;;0.19;0.21;0.13
BC;uur;µg/m³;2024-06-17T18:00:00+01:00;2024-06-17T19:00:00+01:00;0.26;0.2;0.54;0.21;0.05;0.09;0.46;0.18;0.63;0.32;;0.16;0.1;0.08
BC;uur;µg/m³;2024-06-17T19:00:00+01:00;2024-06-17T20:00:00+01:00;0.36;0.22;0.64;0.29;0.07;0.1;0.34;0.17;0.55;0.28;;0.16;0.11;0.16
BC;uur;µg/m³;2024-06-17T20:00:00+01:00;2024-06-17T21:00:00+01:00;0.46;0.37;1.06;0.35;0.19;0.16;0.52;0.29;0.47;0.37;;0.28;0.15;0.23
BC;uur;µg/m³;2024-06-17T21:00:00+01:00;2024-06-17T22:00:00+01:00;0.47;0.52;1.59;0.7;0.17;0.23;0.68;0.24;0.93;0.51;;0.29;0.21;0.34
BC;uur;µg/m³;2024-06-17T22:00:00+01:00;2024-06-17T23:00:00+01:00;0.39;0.58;0.99;0.77;0.14;0.26;0.63;0.25;1.2;0.58;;0.23;0.31;0.27
BC;uur;µg/m³;2024-06-17T23:00:00+01:00;2024-06-18T00:00:00+01:00;0.33;0.78;0.86;0.69;0.13;0.27;0.58;0.34;1.57;0.81;;0.24;0.28;0.26
BC;uur;µg/m³;2024-06-18T00:00:00+01:00;2024-06-18T01:00:00+01:00;0.36;0.79;0.93;0.69;0.19;0.23;1.06;0.25;0.71;0.62;;0.18;0.16;0.31
BC;uur;µg/m³;2024-06-18T01:00:00+01:00;2024-06-18T02:00:00+01:00;0.45;0.75;1.18;0.86;0.19;0.26;0.97;0.25;0.61;0.53;;0.21;0.17;0.31
BC;uur;µg/m³;2024-06-18T02:00:00+01:00;2024-06-18T03:00:00+01:00;0.4;0.32;1.26;0.88;0.2;0.25;0.52;0.25;0.58;0.45;;0.28;0.16;0.29
BC;uur;µg/m³;2024-06-18T03:00:00+01:00;2024-06-18T04:00:00+01:00;0.4;0.35;0.74;0.84;0.24;0.29;0.73;0.35;0.5;0.34;;0.4;0.13;0.31
BC;uur;µg/m³;2024-06-18T04:00:00+01:00;2024-06-18T05:00:00+01:00;0.48;0.35;0.88;0.67;0.36;0.4;0.8;0.42;1.94;0.93;;0.42;0.29;0.4
BC;uur;µg/m³;2024-06-18T05:00:00+01:00;2024-06-18T06:00:00+01:00;0.53;0.34;1.51;0.52;0.41;0.44;0.72;1.01;2.32;1.12;;0.42;0.27;0.45
BC;uur;µg/m³;2024-06-18T06:00:00+01:00;2024-06-18T07:00:00+01:00;0.58;0.51;1.53;0.37;0.51;0.62;0.69;0.87;2.59;1.28;;0.61;0.3;0.63
BC;uur;µg/m³;2024-06-18T07:00:00+01:00;2024-06-18T08:00:00+01:00;0.61;0.64;1.37;0.56;0.61;0.68;0.77;0.74;2.59;1.5;;0.87;0.27;0.31
BC;uur;µg/m³;2024-06-18T08:00:00+01:00;2024-06-18T09:00:00+01:00;0.47;0.73;0.64;0.45;0.88;0.64;0.36;0.62;1.97;1.31;;0.71;0.2;0.21
BC;uur;µg/m³;2024-06-18T09:00:00+01:00;2024-06-18T10:00:00+01:00;0.64;0.67;0.47;0.3;1.23;0.57;0.48;0.62;2.14;1.14;;0.75;0.21;0.2
BC;uur;µg/m³;2024-06-18T10:00:00+01:00;2024-06-18T11:00:00+01:00;0.32;0.68;;0.37;0.32;0.29;0.46;0.58;1.85;0.97;;0.7;0.22;0.2
BC;uur;µg/m³;2024-06-18T11:00:00+01:00;2024-06-18T12:00:00+01:00;0.22;0.64;;0.36;0.86;0.61;0.74;0.59;0.87;0.52;;0.53;0.31;0.22
BC;uur;µg/m³;2024-06-18T12:00:00+01:00;2024-06-18T13:00:00+01:00;0.29;0.48;0.73;0.4;0.92;0.68;0.66;0.66;1.08;0.43;;0.45;0.26;0.19
BC;uur;µg/m³;2024-06-18T13:00:00+01:00;2024-06-18T14:00:00+01:00;0.3;1;0.86;0.36;0.58;0.66;0.44;0.62;1.32;0.49;;0.24;0.83;0.27
BC;uur;µg/m³;2024-06-18T14:00:00+01:00;2024-06-18T15:00:00+01:00;0.25;0.29;0.81;0.38;0.48;0.53;0.37;0.49;1.28;0.71;;0.35;0.18;0.21
BC;uur;µg/m³;2024-06-18T15:00:00+01:00;2024-06-18T16:00:00+01:00;0.21;0.61;1.04;0.51;0.64;0.66;0.4;0.59;1.31;0.62;;0.28;0.24;0.25
BC;uur;µg/m³;2024-06-18T16:00:00+01:00;2024-06-18T17:00:00+01:00;0.22;0.76;1.31;0.45;0.47;0.38;0.6;0.64;2.67;0.5;;0.21;0.19;0.25
BC;uur;µg/m³;2024-06-18T17:00:00+01:00;2024-06-18T18:00:00+01:00;0.28;0.44;0.7;0.38;0.53;0.39;0.29;0.27;1.52;0.58;;0.19;0.17;0.27
BC;uur;µg/m³;2024-06-18T18:00:00+01:00;2024-06-18T19:00:00+01:00;0.3;0.31;1.1;0.34;0.33;0.33;0.25;0.37;1.19;1;;0.25;0.17;0.29
BC;uur;µg/m³;2024-06-18T19:00:00+01:00;2024-06-18T20:00:00+01:00;0.28;0.28;0.63;0.35;0.36;0.28;0.27;0.36;1.23;0.66;;0.19;0.19;0.22
BC;uur;µg/m³;2024-06-18T20:00:00+01:00;2024-06-18T21:00:00+01:00;0.25;0.33;0.61;0.42;0.3;0.29;0.3;0.36;1.17;0.84;;0.28;0.19;0.26
BC;uur;µg/m³;2024-06-18T21:00:00+01:00;2024-06-18T22:00:00+01:00;0.3;0.23;0.63;0.44;0.29;0.39;0.52;0.32;1.75;0.32;;0.34;0.2;0.26
BC;uur;µg/m³;2024-06-18T22:00:00+01:00;2024-06-18T23:00:00+01:00;0.26;0.19;0.55;0.44;0.32;0.38;0.83;0.48;1.37;0.53;;0.25;0.24;0.23
BC;uur;µg/m³;2024-06-18T23:00:00+01:00;2024-06-19T00:00:00+01:00;0.22;0.2;0.4;0.35;0.26;0.4;0.66;0.45;1.13;0.41;;0.16;0.23;0.13
BC;uur;µg/m³;2024-06-19T00:00:00+01:00;2024-06-19T01:00:00+01:00;0.2;0.2;0.41;0.44;0.4;0.43;0.72;0.4;0.67;0.46;;0.18;0.23;0.06
BC;uur;µg/m³;2024-06-19T01:00:00+01:00;2024-06-19T02:00:00+01:00;0.22;0.22;0.35;0.36;0.53;0.32;0.53;0.41;0.66;0.59;;0.35;0.13;0.06
BC;uur;µg/m³;2024-06-19T02:00:00+01:00;2024-06-19T03:00:00+01:00;0.26;0.21;0.38;0.34;0.62;0.28;0.37;0.31;0.63;0.39;;0.27;0.09;0.06
BC;uur;µg/m³;2024-06-19T03:00:00+01:00;2024-06-19T04:00:00+01:00;0.38;0.15;0.44;0.4;0.33;0.22;0.22;0.27;0.58;0.66;;0.34;0.07;0.05
BC;uur;µg/m³;2024-06-19T04:00:00+01:00;2024-06-19T05:00:00+01:00;0.31;0.16;0.57;0.45;0.19;0.17;0.22;0.3;0.47;0.16;;0.26;0.08;0.07
BC;uur;µg/m³;2024-06-19T05:00:00+01:00;2024-06-19T06:00:00+01:00;0.32;0.18;0.61;0.37;0.19;0.14;0.24;0.23;1.08;0.34;;0.17;0.09;0.08
BC;uur;µg/m³;2024-06-19T06:00:00+01:00;2024-06-19T07:00:00+01:00;0.32;0.22;0.82;0.39;0.27;0.11;0.12;0.14;0.92;0.42;;0.16;0.11;0.11
BC;uur;µg/m³;2024-06-19T07:00:00+01:00;2024-06-19T08:00:00+01:00;0.34;0.22;1.01;0.47;0.04;0.1;0.09;0.1;1.22;0.36;;0.16;0.1;0.09
BC;uur;µg/m³;2024-06-19T08:00:00+01:00;2024-06-19T09:00:00+01:00;0.41;0.2;0.68;0.35;0.03;0.15;0.08;0.07;1.04;0.39;;0.13;0.13;0.15
BC;uur;µg/m³;2024-06-19T09:00:00+01:00;2024-06-19T10:00:00+01:00;0.23;0.21;0.66;0.33;0.1;0.13;0.07;0.09;1.07;0.34;;0.12;0.1;0.09
BC;uur;µg/m³;2024-06-19T10:00:00+01:00;2024-06-19T11:00:00+01:00;0.19;0.26;0.47;0.23;0.04;0.12;0.08;0.1;0.94;0.24;;0.11;0.14;0.04
BC;uur;µg/m³;2024-06-19T11:00:00+01:00;2024-06-19T12:00:00+01:00;0.14;0.27;0.35;0.18;0.01;0.13;0.06;0.15;0.62;;;0.08;0.05;0.05
BC;uur;µg/m³;2024-06-19T12:00:00+01:00;2024-06-19T13:00:00+01:00;0.19;0.23;0.42;0.16;;0.19;0.07;0.14;0.67;0.16;;0.1;0.08;0.04
BC;uur;µg/m³;2024-06-19T13:00:00+01:00;2024-06-19T14:00:00+01:00;0.13;0.24;0.61;0.13;;0.19;0.13;0.18;0.94;0.26;;0.08;0.06;0.06
BC;uur;µg/m³;2024-06-19T14:00:00+01:00;2024-06-19T15:00:00+01:00;0.11;0.2;0.46;0.12;0.04;0.2;0.09;0.15;0.85;0.15;;0.1;0.06;0.03
BC;uur;µg/m³;2024-06-19T15:00:00+01:00;2024-06-19T16:00:00+01:00;0.2;0.18;0.73;0.12;0.02;0.15;0.07;0.17;0.86;0.11;;0.11;0.05;0.05
BC;uur;µg/m³;2024-06-19T16:00:00+01:00;2024-06-19T17:00:00+01:00;0.15;0.16;0.61;0.12;0.04;0.1;0.06;0.15;1;0.15;;0.1;0.05;0.05
BC;uur;µg/m³;2024-06-19T17:00:00+01:00;2024-06-19T18:00:00+01:00;0.16;0.13;0.56;0.16;0.06;0.08;0.07;0.13;1.06;0.31;;0.12;0.05;0.03
BC;uur;µg/m³;2024-06-19T18:00:00+01:00;2024-06-19T19:00:00+01:00;0.22;0.16;0.38;0.2;0.05;0.08;0.07;0.15;0.82;0.16;;0.11;0.05;0.04
BC;uur;µg/m³;2024-06-19T19:00:00+01:00;2024-06-19T20:00:00+01:00;0.55;0.14;0.35;0.48;0.1;0.09;0.06;0.18;0.8;0.14;;0.11;0.05;0.04
BC;uur;µg/m³;2024-06-19T20:00:00+01:00;2024-06-19T21:00:00+01:00;0.33;0.25;0.41;0.22;0.11;0.05;0.09;0.86;0.85;0.25;;0.14;0.06;0.07
BC;uur;µg/m³;2024-06-19T21:00:00+01:00;2024-06-19T22:00:00+01:00;0.14;0.48;0.88;0.25;0.16;0.12;0.21;0.22;0.79;0.37;;0.14;0.07;0.1
BC;uur;µg/m³;2024-06-19T22:00:00+01:00;2024-06-19T23:00:00+01:00;0.23;0.25;0.53;0.23;0.15;0.06;0.19;0.16;0.94;0.48;;0.14;0.1;0.15
BC;uur;µg/m³;2024-06-19T23:00:00+01:00;2024-06-20T00:00:00+01:00;0.18;0.18;0.39;0.26;0.18;0.18;0.22;0.21;0.52;0.48;;0.09;0.1;0.17
BC;uur;µg/m³;2024-06-20T00:00:00+01:00;2024-06-20T01:00:00+01:00;0.2;0.18;0.25;0.24;0.11;0.19;0.2;0.13;0.36;0.2;;0.08;0.09;0.17
BC;uur;µg/m³;2024-06-20T01:00:00+01:00;2024-06-20T02:00:00+01:00;0.21;0.2;0.25;0.2;0.15;0.19;0.13;0.14;0.28;0.23;;0.09;0.09;0.14
BC;uur;µg/m³;2024-06-20T02:00:00+01:00;2024-06-20T03:00:00+01:00;0.16;0.2;0.27;0.2;0.08;0.15;0.19;0.13;0.24;0.16;;0.09;0.08;0.17
BC;uur;µg/m³;2024-06-20T03:00:00+01:00;2024-06-20T04:00:00+01:00;0.16;0.21;0.25;0.2;0.14;0.13;0.12;0.15;0.26;0.24;;0.11;0.08;0.14
BC;uur;µg/m³;2024-06-20T04:00:00+01:00;2024-06-20T05:00:00+01:00;0.17;0.3;0.35;0.18;0.23;0.1;0.18;0.17;0.33;0.11;;0.13;0.11;0.16
BC;uur;µg/m³;2024-06-20T05:00:00+01:00;2024-06-20T06:00:00+01:00;0.19;0.44;0.43;0.21;0.33;0.15;0.26;0.21;0.59;0.54;;0.1;0.15;0.17
BC;uur;µg/m³;2024-06-20T06:00:00+01:00;2024-06-20T07:00:00+01:00;0.22;0.6;0.7;0.35;0.32;0.18;0.22;0.26;0.64;0.23;;0.11;0.12;0.12
BC;uur;µg/m³;2024-06-20T07:00:00+01:00;2024-06-20T08:00:00+01:00;0.32;0.62;0.85;0.43;0.51;0.28;0.19;0.26;0.88;0.07;;0.29;0.08;0.09
BC;uur;µg/m³;2024-06-20T08:00:00+01:00;2024-06-20T09:00:00+01:00;0.33;0.46;0.63;0.57;0.29;0.21;0.17;0.29;0.97;0.43;;0.21;0.08;0.06
BC;uur;µg/m³;2024-06-20T09:00:00+01:00;2024-06-20T10:00:00+01:00;0.33;0.32;0.59;0.46;;0.25;0.27;0.39;1.23;0.33;;0.16;0.09;0.07
BC;uur;µg/m³;2024-06-20T10:00:00+01:00;2024-06-20T11:00:00+01:00;0.28;0.31;0.49;0.4;;0.24;0.22;0.4;0.81;0.32;;0.18;0.08;0.1
BC;uur;µg/m³;2024-06-20T11:00:00+01:00;2024-06-20T12:00:00+01:00;0.24;0.33;0.46;0.2;;0.22;0.44;0.47;0.83;0.22;;0.17;0.08;0.09
BC;uur;µg/m³;2024-06-20T12:00:00+01:00;2024-06-20T13:00:00+01:00;0.2;0.39;0.68;0.3;0.24;0.3;0.22;0.29;0.7;0.22;;0.14;0.09;0.12
BC;uur;µg/m³;2024-06-20T13:00:00+01:00;2024-06-20T14:00:00+01:00;0.25;0.29;0.82;0.44;0.21;0.29;0.3;0.28;1.14;0.39;;0.17;0.09;0.1
BC;uur;µg/m³;2024-06-20T14:00:00+01:00;2024-06-20T15:00:00+01:00;0.22;0.27;0.87;0.27;0.29;0.26;0.27;0.28;2.01;0.4;;0.21;0.11;0.11
BC;uur;µg/m³;2024-06-20T15:00:00+01:00;2024-06-20T16:00:00+01:00;0.29;0.34;0.67;0.29;0.16;0.33;0.17;0.24;1.32;0.45;;0.29;0.12;0.15
BC;uur;µg/m³;2024-06-20T16:00:00+01:00;2024-06-20T17:00:00+01:00;0.24;0.48;0.78;0.38;0.15;0.22;0.22;0.2;1.59;0.44;;0.16;0.17;0.14
BC;uur;µg/m³;2024-06-20T17:00:00+01:00;2024-06-20T18:00:00+01:00;0.37;0.53;1.04;0.41;0.2;0.21;0.19;0.22;1.11;0.44;;0.2;0.14;0.1
BC;uur;µg/m³;2024-06-20T18:00:00+01:00;2024-06-20T19:00:00+01:00;0.79;0.43;0.98;0.42;0.24;0.21;0.28;0.22;2.32;0.45;;0.23;0.22;0.1
BC;uur;µg/m³;2024-06-20T19:00:00+01:00;2024-06-20T20:00:00+01:00;0.44;0.45;0.71;0.4;0.25;0.21;0.29;0.24;1.52;0.71;;0.3;0.24;0.11
BC;uur;µg/m³;2024-06-20T20:00:00+01:00;2024-06-20T21:00:00+01:00;0.29;0.38;0.84;0.36;0.22;0.28;0.3;0.34;0.93;0.61;;0.28;0.21;0.13
BC;uur;µg/m³;2024-06-20T21:00:00+01:00;2024-06-20T22:00:00+01:00;0.27;0.36;0.63;0.41;0.22;0.26;0.31;0.48;1.26;0.6;;0.19;0.18;0.14
BC;uur;µg/m³;2024-06-20T22:00:00+01:00;2024-06-20T23:00:00+01:00;0.38;0.4;0.8;0.49;0.23;0.22;0.24;0.41;0.98;0.49;;0.18;0.21;0.15
BC;uur;µg/m³;2024-06-20T23:00:00+01:00;2024-06-21T00:00:00+01:00;0.32;0.39;0.73;0.44;0.25;0.21;0.19;0.32;0.68;0.43;;0.19;0.23;0.12
BC;uur;µg/m³;2024-06-21T00:00:00+01:00;2024-06-21T01:00:00+01:00;0.33;0.38;0.62;0.42;0.22;0.24;0.3;0.27;0.48;0.28;;0.19;0.16;0.11
BC;uur;µg/m³;2024-06-21T01:00:00+01:00;2024-06-21T02:00:00+01:00;0.33;0.35;0.36;0.44;0.18;0.23;0.23;0.24;0.4;0.23;;0.19;0.16;0.12
BC;uur;µg/m³;2024-06-21T02:00:00+01:00;2024-06-21T03:00:00+01:00;0.29;0.33;0.45;0.42;0.21;0.22;0.31;0.26;0.51;0.34;;0.2;0.16;0.12
BC;uur;µg/m³;2024-06-21T03:00:00+01:00;2024-06-21T04:00:00+01:00;0.3;0.37;0.59;0.39;0.23;0.24;0.4;0.25;0.52;0.26;;0.2;0.13;0.1
BC;uur;µg/m³;2024-06-21T04:00:00+01:00;2024-06-21T05:00:00+01:00;0.29;0.35;0.36;0.41;0.21;0.26;0.26;0.25;0.55;0.29;;0.19;0.15;0.17
BC;uur;µg/m³;2024-06-21T05:00:00+01:00;2024-06-21T06:00:00+01:00;0.28;0.34;0.99;0.42;0.2;0.26;0.66;0.31;1.67;0.37;;0.17;0.15;0.17
BC;uur;µg/m³;2024-06-21T06:00:00+01:00;2024-06-21T07:00:00+01:00;0.29;0.43;1.04;0.5;0.41;0.31;0.69;0.4;1.41;0.4;;0.22;0.2;0.15
BC;uur;µg/m³;2024-06-21T07:00:00+01:00;2024-06-21T08:00:00+01:00;0.47;0.49;2.71;0.58;0.28;0.48;0.62;0.38;1.28;0.44;;0.28;0.19;0.14
BC;uur;µg/m³;2024-06-21T08:00:00+01:00;2024-06-21T09:00:00+01:00;0.4;0.5;0.76;0.54;0.3;0.53;0.46;0.41;1.38;0.48;;0.36;0.25;0.16
BC;uur;µg/m³;2024-06-21T09:00:00+01:00;2024-06-21T10:00:00+01:00;0.42;0.57;1.04;0.61;0.46;0.57;0.28;0.42;1.76;0.59;;0.41;0.26;0.2
BC;uur;µg/m³;2024-06-21T10:00:00+01:00;2024-06-21T11:00:00+01:00;0.46;0.57;0.96;0.55;0.52;0.59;0.32;0.4;1.58;0.51;;0.27;0.3;0.22
BC;uur;µg/m³;2024-06-21T11:00:00+01:00;2024-06-21T12:00:00+01:00;0.52;0.54;;0.41;0.27;0.63;0.3;0.37;1.62;0.61;;0.35;0.32;0.26
BC;uur;µg/m³;2024-06-21T12:00:00+01:00;2024-06-21T13:00:00+01:00;0.5;0.51;;0.54;0.22;0.7;0.34;0.38;1.85;0.47;;0.37;0.3;0.32
BC;uur;µg/m³;2024-06-21T13:00:00+01:00;2024-06-21T14:00:00+01:00;0.51;0.47;;0.26;0.24;0.54;0.33;0.5;1.42;0.54;;0.38;0.31;0.29
BC;uur;µg/m³;2024-06-21T14:00:00+01:00;2024-06-21T15:00:00+01:00;0.49;0.46;;0.65;0.27;0.61;1.05;0.67;1.04;0.56;;0.29;0.29;0.24
BC;uur;µg/m³;2024-06-21T15:00:00+01:00;2024-06-21T16:00:00+01:00;0.44;0.41;1.39;0.82;0.13;0.3;1.03;0.54;1.32;0.71;;0.17;0.27;0.21
BC;uur;µg/m³;2024-06-21T16:00:00+01:00;2024-06-21T17:00:00+01:00;0.42;0.37;1.16;0.77;0.18;0.26;0.68;0.35;0.97;0.48;;0.29;0.26;0.2
BC;uur;µg/m³;2024-06-21T17:00:00+01:00;2024-06-21T18:00:00+01:00;0.51;0.47;0.87;0.47;0.18;0.24;0.6;0.29;0.78;0.44;;0.34;0.29;0.2
BC;uur;µg/m³;2024-06-21T18:00:00+01:00;2024-06-21T19:00:00+01:00;0.39;0.35;0.78;0.31;0.28;0.3;0.46;0.38;1.12;0.39;;-0.01;0.28;0.19
BC;uur;µg/m³;2024-06-21T19:00:00+01:00;2024-06-21T20:00:00+01:00;0.31;0.26;0.74;0.29;0.21;0.43;0.75;0.5;1.57;0.4;;0.87;0.22;0.23
BC;uur;µg/m³;2024-06-21T20:00:00+01:00;2024-06-21T21:00:00+01:00;0.36;0.26;0.65;0.35;0.18;0.42;0.57;0.31;1.43;0.77;;0.36;0.19;0.15
BC;uur;µg/m³;2024-06-21T21:00:00+01:00;2024-06-21T22:00:00+01:00;0.31;0.3;0.95;0.41;0.16;0.28;0.42;0.25;1.54;0.4;;0.24;0.17;0.18
BC;uur;µg/m³;2024-06-21T22:00:00+01:00;2024-06-21T23:00:00+01:00;0.34;0.32;1.25;0.44;0.37;0.32;0.64;0.58;2.38;0.45;;0.29;0.15;0.14
BC;uur;µg/m³;2024-06-21T23:00:00+01:00;2024-06-22T00:00:00+01:00;0.38;0.31;1.24;0.59;0.33;0.37;0.67;1.48;0.69;0.45;;0.69;0.14;0.21
BC;uur;µg/m³;2024-06-22T00:00:00+01:00;2024-06-22T01:00:00+01:00;0.45;0.32;0.95;0.6;0.5;0.32;0.56;0.55;0.52;0.45;;0.49;0.14;0.18
BC;uur;µg/m³;2024-06-22T01:00:00+01:00;2024-06-22T02:00:00+01:00;0.46;0.26;0.77;0.53;0.55;0.49;0.59;0.72;0.56;0.46;;0.37;0.22;0.18
BC;uur;µg/m³;2024-06-22T02:00:00+01:00;2024-06-22T03:00:00+01:00;0.45;0.24;0.65;0.49;0.22;0.48;0.59;0.48;0.61;0.56;;0.38;0.32;0.19
BC;uur;µg/m³;2024-06-22T03:00:00+01:00;2024-06-22T04:00:00+01:00;0.4;0.23;0.56;0.44;0.23;0.43;0.52;0.29;0.6;0.52;;0.38;0.36;0.2
BC;uur;µg/m³;2024-06-22T04:00:00+01:00;2024-06-22T05:00:00+01:00;0.39;0.24;0.47;0.38;0.17;0.27;0.58;0.26;0.55;0.47;;0.43;0.37;0.21
BC;uur;µg/m³;2024-06-22T05:00:00+01:00;2024-06-22T06:00:00+01:00;0.36;0.27;0.63;0.39;0.21;0.17;0.44;0.25;0.48;0.39;;0.47;0.41;0.28
BC;uur;µg/m³;2024-06-22T06:00:00+01:00;2024-06-22T07:00:00+01:00;0.31;0.28;0.48;0.27;0.22;0.56;0.4;0.25;0.45;0.32;;0.46;0.45;0.37
BC;uur;µg/m³;2024-06-22T07:00:00+01:00;2024-06-22T08:00:00+01:00;0.23;0.3;0.4;0.19;0.26;0.58;0.43;0.21;0.44;0.23;;0.38;0.43;0.4
BC;uur;µg/m³;2024-06-22T08:00:00+01:00;2024-06-22T09:00:00+01:00;0.16;0.27;0.44;0.17;0.23;0.37;0.4;0.29;0.61;;;0.31;0.38;0.32
BC;uur;µg/m³;2024-06-22T09:00:00+01:00;2024-06-22T10:00:00+01:00;0.16;0.18;0.52;0.17;0.17;0.22;0.48;0.35;0.56;;;0.28;0.33;0.32
BC;uur;µg/m³;2024-06-22T10:00:00+01:00;2024-06-22T11:00:00+01:00;0.18;0.14;0.52;0.2;0.21;0.37;0.47;0.31;0.54;;;0.22;0.29;0.33
BC;uur;µg/m³;2024-06-22T11:00:00+01:00;2024-06-22T12:00:00+01:00;0.21;0.11;0.6;0.21;0.17;0.47;0.52;0.31;0.95;;;0.22;0.29;0.32
BC;uur;µg/m³;2024-06-22T12:00:00+01:00;2024-06-22T13:00:00+01:00;0.2;0.09;0.61;0.16;0.14;0.23;0.54;0.24;0.86;;;0.21;0.3;0.33
BC;uur;µg/m³;2024-06-22T13:00:00+01:00;2024-06-22T14:00:00+01:00;0.14;0.11;0.52;0.16;0.12;;0.58;0.26;1.04;;;0.23;0.3;0.31
BC;uur;µg/m³;2024-06-22T14:00:00+01:00;2024-06-22T15:00:00+01:00;0.13;0.1;0.79;0.19;0.11;;0.54;0.15;0.52;;;0.25;0.3;0.36
BC;uur;µg/m³;2024-06-22T15:00:00+01:00;2024-06-22T16:00:00+01:00;0.14;0.12;0.76;0.17;0.07;;0.51;0.17;0.56;;;0.28;0.27;0.3
BC;uur;µg/m³;2024-06-22T16:00:00+01:00;2024-06-22T17:00:00+01:00;0.19;0.16;0.72;0.27;0.05;;0.51;0.19;0.55;-0.05;;0.28;0.24;0.24
BC;uur;µg/m³;2024-06-22T17:00:00+01:00;2024-06-22T18:00:00+01:00;0.15;0.2;0.58;0.15;0.09;;0.32;0.13;0.53;-0.08;;0.24;0.23;0.24
BC;uur;µg/m³;2024-06-22T18:00:00+01:00;2024-06-22T19:00:00+01:00;0.22;0.21;0.61;0.24;0.1;;0.28;0.09;0.8;-0.06;;0.23;0.23;0.21
BC;uur;µg/m³;2024-06-22T19:00:00+01:00;2024-06-22T20:00:00+01:00;0.26;0.16;0.61;0.24;0.09;;0.31;0.17;1.64;-0.09;;0.24;0.27;0.27
BC;uur;µg/m³;2024-06-22T20:00:00+01:00;2024-06-22T21:00:00+01:00;0.27;0.22;1.3;0.38;0.28;;0.34;0.18;0.88;0;;0.27;0.26;0.29
BC;uur;µg/m³;2024-06-22T21:00:00+01:00;2024-06-22T22:00:00+01:00;0.36;0.3;2.55;0.69;0.27;;0.62;0.24;1.11;0.87;;0.28;0.29;0.4
BC;uur;µg/m³;2024-06-22T22:00:00+01:00;2024-06-22T23:00:00+01:00;0.31;0.62;2.72;0.9;0.33;;0.63;0.51;0.91;0.68;;0.48;0.35;0.57
BC;uur;µg/m³;2024-06-22T23:00:00+01:00;2024-06-23T00:00:00+01:00;0.43;0.76;2.99;0.77;0.23;;0.72;0.53;1.32;0.96;;0.45;0.45;0.37
BC;uur;µg/m³;2024-06-23T00:00:00+01:00;2024-06-23T01:00:00+01:00;0.59;0.66;3.21;0.82;0.23;;0.78;0.82;1.11;0.73;;0.48;0.37;0.44
BC;uur;µg/m³;2024-06-23T01:00:00+01:00;2024-06-23T02:00:00+01:00;0.66;0.51;1.35;0.73;0.25;;0.89;0.52;0.86;0.69;;0.47;0.33;0.28
BC;uur;µg/m³;2024-06-23T02:00:00+01:00;2024-06-23T03:00:00+01:00;0.68;0.49;0.92;0.71;0.28;;1.07;0.46;0.96;0.52;;0.47;0.27;0.39
BC;uur;µg/m³;2024-06-23T03:00:00+01:00;2024-06-23T04:00:00+01:00;0.67;0.36;0.9;0.66;0.33;;0.75;0.48;0.91;0.76;;0.36;0.28;0.27
BC;uur;µg/m³;2024-06-23T04:00:00+01:00;2024-06-23T05:00:00+01:00;0.61;0.3;1.09;0.66;0.48;;0.8;0.46;0.86;0.74;;0.38;0.3;0.23
BC;uur;µg/m³;2024-06-23T05:00:00+01:00;2024-06-23T06:00:00+01:00;0.6;0.39;0.94;0.7;0.51;;0.63;0.59;0.72;0.66;;0.4;0.31;0.24
BC;uur;µg/m³;2024-06-23T06:00:00+01:00;2024-06-23T07:00:00+01:00;0.52;0.22;0.79;0.65;0.46;;0.61;0.49;0.61;0.45;;0.34;0.25;0.18
BC;uur;µg/m³;2024-06-23T07:00:00+01:00;2024-06-23T08:00:00+01:00;0.31;0.27;0.85;0.51;0.54;;0.71;0.46;0.47;0.38;;0.26;0.17;0.14
BC;uur;µg/m³;2024-06-23T08:00:00+01:00;2024-06-23T09:00:00+01:00;0.28;0.32;1.01;0.63;0.3;;0.65;0.39;0.82;0.55;;0.17;0.15;0.11
BC;uur;µg/m³;2024-06-23T09:00:00+01:00;2024-06-23T10:00:00+01:00;0.26;0.27;1.01;0.54;0.41;;0.52;0.28;0.78;0.6;;0.15;0.15;0.09
BC;uur;µg/m³;2024-06-23T10:00:00+01:00;2024-06-23T11:00:00+01:00;0.23;0.17;0.55;0.51;0.41;;0.48;0.17;0.66;0.51;;0.1;0.13;0.11
BC;uur;µg/m³;2024-06-23T11:00:00+01:00;2024-06-23T12:00:00+01:00;0.21;0.17;1.66;0.25;0.45;;0.53;0.08;0.74;0.53;;0.14;0.13;0.14
BC;uur;µg/m³;2024-06-23T12:00:00+01:00;2024-06-23T13:00:00+01:00;0.21;0.14;0.68;0.13;0.45;;0.75;0.18;0.78;0.53;;0.16;0.15;0.16
BC;uur;µg/m³;2024-06-23T13:00:00+01:00;2024-06-23T14:00:00+01:00;0.22;0.13;0.55;0.05;0.37;;0.61;0.25;0.84;0.52;;0.15;0.17;0.19
BC;uur;µg/m³;2024-06-23T14:00:00+01:00;2024-06-23T15:00:00+01:00;0.18;0.16;0.44;0.13;0.37;;0.44;0.33;0.62;0.42;;0.18;0.2;0.23
BC;uur;µg/m³;2024-06-23T15:00:00+01:00;2024-06-23T16:00:00+01:00;0.21;0.17;0.63;0.19;0.39;;0.41;0.28;0.51;0.22;;0.18;0.19;0.19
BC;uur;µg/m³;2024-06-23T16:00:00+01:00;2024-06-23T17:00:00+01:00;0.22;0.21;0.66;0.23;0.44;;0.77;0.31;0.67;0.29;;0.17;0.16;0.2
BC;uur;µg/m³;2024-06-23T17:00:00+01:00;2024-06-23T18:00:00+01:00;0.2;0.33;0.95;0.26;0.4;;0.6;0.25;0.88;0.36;;0.26;0.21;0.29
BC;uur;µg/m³;2024-06-23T18:00:00+01:00;2024-06-23T19:00:00+01:00;0.21;0.24;0.81;0.29;0.45;;0.73;0.28;0.94;0.37;;0.23;0.25;0.31
BC;uur;µg/m³;2024-06-23T19:00:00+01:00;2024-06-23T20:00:00+01:00;0.25;0.22;0.75;0.39;0.56;;0.8;0.28;1.39;0.36;;0.28;0.21;0.31
BC;uur;µg/m³;2024-06-23T20:00:00+01:00;2024-06-23T21:00:00+01:00;0.3;0.55;0.72;0.35;0.56;;0.88;0.34;1.21;0.41;;0.33;0.21;0.41
BC;uur;µg/m³;2024-06-23T21:00:00+01:00;2024-06-23T22:00:00+01:00;0.31;0.68;0.72;0.36;0.5;;1.37;0.33;1.49;0.42;;0.31;0.26;0.35
BC;uur;µg/m³;2024-06-23T22:00:00+01:00;2024-06-23T23:00:00+01:00;0.32;1;0.67;0.34;0.42;;1.17;0.34;1.38;0.49;;0.24;0.21;0.41
BC;uur;µg/m³;2024-06-23T23:00:00+01:00;2024-06-24T00:00:00+01:00;0.35;0.68;0.73;0.34;0.44;;1.64;0.39;1.64;1.09;;0.26;0.25;0.38
BC;uur;µg/m³;2024-06-24T00:00:00+01:00;2024-06-24T01:00:00+01:00;0.37;0.75;0.64;0.36;0.41;;1.72;0.4;1.31;0.9;;0.32;0.27;0.25
BC;uur;µg/m³;2024-06-24T01:00:00+01:00;2024-06-24T02:00:00+01:00;0.39;0.94;0.63;0.38;0.33;;1.4;0.41;0.66;0.53;;0.31;0.2;0.2
BC;uur;µg/m³;2024-06-24T02:00:00+01:00;2024-06-24T03:00:00+01:00;0.4;0.74;0.63;0.43;0.29;;1.07;0.37;0.54;0.36;;0.25;0.15;0.17
BC;uur;µg/m³;2024-06-24T03:00:00+01:00;2024-06-24T04:00:00+01:00;0.42;0.46;0.65;0.47;0.25;;0.77;0.34;0.48;0.36;;0.32;0.16;0.14
BC;uur;µg/m³;2024-06-24T04:00:00+01:00;2024-06-24T05:00:00+01:00;0.54;0.46;0.7;0.44;0.22;;1.04;0.33;0.66;0.38;;0.38;0.17;0.14
BC;uur;µg/m³;2024-06-24T05:00:00+01:00;2024-06-24T06:00:00+01:00;0.95;0.68;1.29;0.49;0.18;;1.06;0.54;1.44;0.43;;0.28;0.18;0.12
BC;uur;µg/m³;2024-06-24T06:00:00+01:00;2024-06-24T07:00:00+01:00;0.6;1.19;1.81;0.58;0.54;;0.63;0.78;0.97;0.52;;0.3;0.16;0.15
BC;uur;µg/m³;2024-06-24T07:00:00+01:00;2024-06-24T08:00:00+01:00;0.49;0.96;1.4;0.87;0.7;;0.31;0.71;1.28;0.47;;0.37;0.22;0.11
BC;uur;µg/m³;2024-06-24T08:00:00+01:00;2024-06-24T09:00:00+01:00;0.4;1.12;1;0.51;0.51;;0.31;0.51;1.08;0.46;;0.39;0.19;0.1
BC;uur;µg/m³;2024-06-24T09:00:00+01:00;2024-06-24T10:00:00+01:00;0.36;0.56;0.67;0.37;0.37;;0.52;0.38;0.84;0.44;;0.33;0.15;0.11
BC;uur;µg/m³;2024-06-24T10:00:00+01:00;2024-06-24T11:00:00+01:00;0.38;0.4;;0.38;0.33;;;0.34;0.89;0.31;;0.24;0.15;0.16
BC;uur;µg/m³;2024-06-24T11:00:00+01:00;2024-06-24T12:00:00+01:00;0.36;0.35;1.02;0.34;0.39;0.48;;0.36;1.02;0.35;;0.21;0.09;0.08
BC;uur;µg/m³;2024-06-24T12:00:00+01:00;2024-06-24T13:00:00+01:00;0.4;0.35;0.88;0.38;0.45;0.48;;0.32;1.3;0.34;;0.22;0.09;0.11
BC;uur;µg/m³;2024-06-24T13:00:00+01:00;2024-06-24T14:00:00+01:00;0.32;0.37;1.02;0.37;0.51;0.36;0.4;0.32;1.26;0.41;;0.21;0.09;0.13
BC;uur;µg/m³;2024-06-24T14:00:00+01:00;2024-06-24T15:00:00+01:00;0.3;0.42;0.85;0.35;0.5;0.4;0.56;0.37;1.23;0.31;;0.18;0.12;0.16
BC;uur;µg/m³;2024-06-24T15:00:00+01:00;2024-06-24T16:00:00+01:00;0.3;0.4;0.92;0.4;0.3;0.4;0.43;0.34;1.24;0.31;;0.14;0.11;0.07
BC;uur;µg/m³;2024-06-24T16:00:00+01:00;2024-06-24T17:00:00+01:00;0.32;0.44;1;0.4;0.18;0.35;0.46;0.37;1.23;0.31;;0.14;0.12;0.1
BC;uur;µg/m³;2024-06-24T17:00:00+01:00;2024-06-24T18:00:00+01:00;0.32;0.45;0.65;0.45;0.19;0.41;0.4;0.37;0.72;0.34;;0.14;0.14;0.09
BC;uur;µg/m³;2024-06-24T18:00:00+01:00;2024-06-24T19:00:00+01:00;0.55;0.45;0.65;0.4;0.18;0.5;0.31;0.37;0.71;0.42;;0.15;0.17;0.14
BC;uur;µg/m³;2024-06-24T19:00:00+01:00;2024-06-24T20:00:00+01:00;0.43;0.51;0.59;0.41;0.2;0.29;0.33;0.48;0.63;0.42;;0.24;0.16;0.14
BC;uur;µg/m³;2024-06-24T20:00:00+01:00;2024-06-24T21:00:00+01:00;0.41;0.58;0.74;0.4;0.24;0.31;0.3;0.6;0.86;0.52;;0.28;0.17;0.15
BC;uur;µg/m³;2024-06-24T21:00:00+01:00;2024-06-24T22:00:00+01:00;0.48;0.52;0.71;0.44;0.28;0.34;0.42;0.43;1.24;0.63;;0.31;0.17;0.18
BC;uur;µg/m³;2024-06-24T22:00:00+01:00;2024-06-24T23:00:00+01:00;0.48;0.34;0.75;0.4;0.29;0.23;0.3;0.49;1.17;0.6;;0.4;0.2;0.17
BC;uur;µg/m³;2024-06-24T23:00:00+01:00;2024-06-25T00:00:00+01:00;0.46;0.92;0.48;0.39;0.43;0.28;0.79;0.57;0.76;0.41;;0.27;0.21;0.2
BC;uur;µg/m³;2024-06-25T00:00:00+01:00;2024-06-25T01:00:00+01:00;0.35;0.84;0.43;0.33;0.52;0.33;0.34;0.42;0.48;0.3;;0.21;0.2;0.21
BC;uur;µg/m³;2024-06-25T01:00:00+01:00;2024-06-25T02:00:00+01:00;0.27;0.81;0.33;0.31;0.41;0.32;0.26;0.39;0.36;0.31;;0.07;0.2;0.36
BC;uur;µg/m³;2024-06-25T02:00:00+01:00;2024-06-25T03:00:00+01:00;0.27;0.41;0.32;0.28;0.36;0.27;0.22;0.29;0.36;0.25;;0.25;0.2;0.28
BC;uur;µg/m³;2024-06-25T03:00:00+01:00;2024-06-25T04:00:00+01:00;0.25;0.35;0.34;0.3;0.33;0.25;0.23;0.32;0.36;0.27;;0.18;0.17;0.22
BC;uur;µg/m³;2024-06-25T04:00:00+01:00;2024-06-25T05:00:00+01:00;0.3;0.45;0.35;0.29;0.34;0.27;0.38;0.36;0.51;0.28;;0.03;0.17;0.22
BC;uur;µg/m³;2024-06-25T05:00:00+01:00;2024-06-25T06:00:00+01:00;0.34;0.62;0.58;0.34;0.38;0.33;0.34;0.38;0.88;0.36;;0.36;0.17;0.16
BC;uur;µg/m³;2024-06-25T06:00:00+01:00;2024-06-25T07:00:00+01:00;0.42;0.71;0.93;0.48;0.57;0.4;0.54;0.44;1;0.39;;0.27;0.24;0.2
BC;uur;µg/m³;2024-06-25T07:00:00+01:00;2024-06-25T08:00:00+01:00;0.41;;1.06;0.58;0.73;0.38;0.41;0.47;1.47;0.45;;0.3;0.26;0.21
BC;uur;µg/m³;2024-06-25T08:00:00+01:00;2024-06-25T09:00:00+01:00;0.41;0.31;1.23;0.51;0.67;0.4;0.48;0.47;1.2;0.51;;0.3;0.31;0.3
BC;uur;µg/m³;2024-06-25T09:00:00+01:00;2024-06-25T10:00:00+01:00;0.37;0.42;0.83;0.43;0.43;0.39;0.57;0.41;1.18;0.48;;0.3;0.36;0.31
BC;uur;µg/m³;2024-06-25T10:00:00+01:00;2024-06-25T11:00:00+01:00;0.34;0.33;0.76;0.33;0.38;0.41;0.46;0.37;0.95;0.39;;0.22;0.26;0.33
BC;uur;µg/m³;2024-06-25T11:00:00+01:00;2024-06-25T12:00:00+01:00;0.33;0.23;0.62;0.32;0.44;0.39;0.39;0.16;1.07;0.29;;0.21;0.31;0.15
BC;uur;µg/m³;2024-06-25T12:00:00+01:00;2024-06-25T13:00:00+01:00;0.32;0.33;0.7;0.32;0.38;0.34;0.44;0.25;0.83;0.3;;0.22;0.23;0.26
BC;uur;µg/m³;2024-06-25T13:00:00+01:00;2024-06-25T14:00:00+01:00;0.29;0.34;0.77;0.35;0.33;0.38;0.41;0.28;0.83;0.31;;0.21;0.24;0.3
BC;uur;µg/m³;2024-06-25T14:00:00+01:00;2024-06-25T15:00:00+01:00;0.26;0.33;0.7;0.31;0.35;0.36;0.37;0.41;1.07;0.37;;0.22;0.27;0.26
BC;uur;µg/m³;2024-06-25T15:00:00+01:00;2024-06-25T16:00:00+01:00;0.29;0.36;0.56;0.32;0.33;0.44;0.45;0.53;0.75;0.32;;0.26;0.31;0.33
BC;uur;µg/m³;2024-06-25T16:00:00+01:00;2024-06-25T17:00:00+01:00;0.27;0.32;0.6;0.29;0.31;0.38;0.31;0.59;0.87;0.36;;0.26;0.3;0.32
BC;uur;µg/m³;2024-06-25T17:00:00+01:00;2024-06-25T18:00:00+01:00;0.28;0.28;0.48;0.32;0.34;0.39;0.32;0.38;0.75;0.34;;0.27;0.27;0.27
BC;uur;µg/m³;2024-06-25T18:00:00+01:00;2024-06-25T19:00:00+01:00;0.27;0.31;0.55;0.32;0.37;0.39;0.43;0.37;0.74;0.41;;0.28;0.28;0.26
BC;uur;µg/m³;2024-06-25T19:00:00+01:00;2024-06-25T20:00:00+01:00;0.29;0.38;0.58;0.33;0.4;0.51;0.39;0.43;1.03;0.52;;0.34;0.36;0.25
BC;uur;µg/m³;2024-06-25T20:00:00+01:00;2024-06-25T21:00:00+01:00;0.32;0.42;0.71;0.35;0.4;0.42;0.53;0.67;1.03;0.71;;0.34;0.31;0.26
BC;uur;µg/m³;2024-06-25T21:00:00+01:00;2024-06-25T22:00:00+01:00;0.63;0.45;1.15;0.43;0.31;0.39;0.55;0.61;1.3;0.6;;0.4;0.36;0.3
BC;uur;µg/m³;2024-06-25T22:00:00+01:00;2024-06-25T23:00:00+01:00;0.44;0.74;1.46;0.66;0.33;0.38;0.62;0.56;1.22;0.9;;0.44;0.3;0.25
BC;uur;µg/m³;2024-06-25T23:00:00+01:00;2024-06-26T00:00:00+01:00;0.5;0.79;0.93;0.44;0.35;0.4;0.5;0.5;1.44;0.74;;0.38;0.27;0.27
BC;uur;µg/m³;2024-06-26T00:00:00+01:00;2024-06-26T01:00:00+01:00;0.44;0.74;0.63;0.45;0.4;0.38;0.52;0.5;0.78;0.58;;0.32;0.3;0.28
BC;uur;µg/m³;2024-06-26T01:00:00+01:00;2024-06-26T02:00:00+01:00;0.38;0.57;0.48;0.41;0.47;0.39;0.5;0.51;0.59;0.45;;0.31;0.37;0.31
BC;uur;µg/m³;2024-06-26T02:00:00+01:00;2024-06-26T03:00:00+01:00;0.39;0.47;0.46;0.45;0.54;0.41;0.38;0.41;0.56;0.47;;0.29;0.39;0.32
BC;uur;µg/m³;2024-06-26T03:00:00+01:00;2024-06-26T04:00:00+01:00;0.33;0.49;0.5;0.45;0.55;0.45;0.49;0.43;0.51;0.44;;0.31;0.38;0.37
BC;uur;µg/m³;2024-06-26T04:00:00+01:00;2024-06-26T05:00:00+01:00;0.65;0.48;0.63;0.52;0.61;0.42;0.4;0.42;0.81;0.43;;0.33;0.35;0.36
BC;uur;µg/m³;2024-06-26T05:00:00+01:00;2024-06-26T06:00:00+01:00;0.58;0.6;0.95;0.56;0.8;0.46;0.91;0.53;1.06;0.51;;0.39;0.4;0.39
BC;uur;µg/m³;2024-06-26T06:00:00+01:00;2024-06-26T07:00:00+01:00;0.54;0.57;1.56;0.82;0.84;0.56;0.51;0.5;1.43;0.63;;0.43;0.46;0.4
BC;uur;µg/m³;2024-06-26T07:00:00+01:00;2024-06-26T08:00:00+01:00;0.47;0.72;1.09;0.8;0.87;0.57;0.42;0.57;1.88;0.65;;0.44;0.48;0.41
BC;uur;µg/m³;2024-06-26T08:00:00+01:00;2024-06-26T09:00:00+01:00;0.47;0.58;0.81;0.6;0.75;0.57;0.47;0.59;1.48;0.66;;0.45;0.38;0.45
BC;uur;µg/m³;2024-06-26T09:00:00+01:00;2024-06-26T10:00:00+01:00;0.46;0.71;0.6;0.42;0.62;0.53;0.46;0.47;1.46;0.53;;0.48;0.37;0.46
BC;uur;µg/m³;2024-06-26T10:00:00+01:00;2024-06-26T11:00:00+01:00;0.5;0.38;0.61;0.4;0.61;0.44;0.53;0.42;1.16;0.47;;0.46;0.34;0.38
BC;uur;µg/m³;2024-06-26T11:00:00+01:00;2024-06-26T12:00:00+01:00;0.43;0.35;0.65;0.42;0.44;0.6;0.45;0.37;0.84;0.45;;0.43;0.32;0.47
BC;uur;µg/m³;2024-06-26T12:00:00+01:00;2024-06-26T13:00:00+01:00;0.41;0.39;0.88;0.44;0.4;0.46;0.52;0.25;0.77;0.39;;0.41;0.32;0.35
BC;uur;µg/m³;2024-06-26T13:00:00+01:00;2024-06-26T14:00:00+01:00;0.46;0.41;0.76;0.42;0.41;0.6;0.62;0.29;1.27;0.41;;0.43;0.32;0.36
BC;uur;µg/m³;2024-06-26T14:00:00+01:00;2024-06-26T15:00:00+01:00;0.45;0.41;0.88;0.48;0.4;0.4;0.46;0.31;1.91;0.47;;0.44;0.35;0.36
BC;uur;µg/m³;2024-06-26T15:00:00+01:00;2024-06-26T16:00:00+01:00;0.56;0.43;0.97;0.5;0.43;0.43;0.42;0.33;2.78;0.44;;0.42;0.34;0.32
BC;uur;µg/m³;2024-06-26T16:00:00+01:00;2024-06-26T17:00:00+01:00;0.64;0.43;0.97;0.53;0.48;0.45;0.43;0.36;0.87;0.41;;0.43;0.33;0.37
BC;uur;µg/m³;2024-06-26T17:00:00+01:00;2024-06-26T18:00:00+01:00;0.57;0.41;1.06;0.54;0.43;0.42;0.42;0.47;0.75;0.37;;0.41;0.33;0.32
BC;uur;µg/m³;2024-06-26T18:00:00+01:00;2024-06-26T19:00:00+01:00;0.45;0.42;1.16;0.57;0.44;0.42;0.47;0.49;0.71;0.4;;0.56;0.34;0.33
BC;uur;µg/m³;2024-06-26T19:00:00+01:00;2024-06-26T20:00:00+01:00;0.53;0.48;1.14;0.61;0.46;0.44;0.68;0.49;0.68;0.79;;0.51;0.34;0.35
BC;uur;µg/m³;2024-06-26T20:00:00+01:00;2024-06-26T21:00:00+01:00;0.54;0.69;1.11;0.56;0.48;0.52;1.27;0.6;0.9;0.7;;0.37;0.33;0.4
BC;uur;µg/m³;2024-06-26T21:00:00+01:00;2024-06-26T22:00:00+01:00;0.75;0.74;0.73;0.78;0.74;0.42;1.28;0.8;1.45;0.61;;0.26;0.38;0.4
BC;uur;µg/m³;2024-06-26T22:00:00+01:00;2024-06-26T23:00:00+01:00;0.78;1.33;1.29;0.7;0.64;0.44;1.25;0.71;7.33;0.82;;0.39;0.38;0.35
BC;uur;µg/m³;2024-06-26T23:00:00+01:00;2024-06-27T00:00:00+01:00;0.63;1.47;1.54;0.74;0.48;0.38;0.98;0.55;2.38;0.84;;0.48;0.4;0.37
BC;uur;µg/m³;2024-06-27T00:00:00+01:00;2024-06-27T01:00:00+01:00;0.67;1.63;1.13;0.76;0.41;0.4;1.8;0.38;2.38;0.94;;0.14;0.4;0.34
BC;uur;µg/m³;2024-06-27T01:00:00+01:00;2024-06-27T02:00:00+01:00;0.71;1.01;1.39;0.77;0.43;0.49;1.49;0.52;2.18;1.65;;0.18;0.39;0.37
BC;uur;µg/m³;2024-06-27T02:00:00+01:00;2024-06-27T03:00:00+01:00;0.73;0.64;1.72;0.72;0.52;0.58;1.48;0.48;2.15;2;;;0.37;0.42
BC;uur;µg/m³;2024-06-27T03:00:00+01:00;2024-06-27T04:00:00+01:00;0.74;0.6;2.01;0.84;0.46;0.79;1.14;0.86;1.87;1.59;;;0.35;0.39
BC;uur;µg/m³;2024-06-27T04:00:00+01:00;2024-06-27T05:00:00+01:00;0.98;0.65;1.94;0.84;0.47;0.78;0.91;0.66;2.55;1.19;;;0.38;0.38
BC;uur;µg/m³;2024-06-27T05:00:00+01:00;2024-06-27T06:00:00+01:00;0.93;0.87;1.97;0.87;0.57;0.69;1.17;1.34;2.47;1.22;;;0.44;0.43
BC;uur;µg/m³;2024-06-27T06:00:00+01:00;2024-06-27T07:00:00+01:00;0.99;0.62;1.65;1.05;0.8;0.69;1.08;1.85;2.25;1.44;;1.27;0.58;0.63
BC;uur;µg/m³;2024-06-27T07:00:00+01:00;2024-06-27T08:00:00+01:00;1;0.63;2.07;1.21;0.72;1.01;0.95;1.91;1.77;1.35;;0.83;0.66;0.81
BC;uur;µg/m³;2024-06-27T08:00:00+01:00;2024-06-27T09:00:00+01:00;0.81;0.59;1.48;0.97;0.54;0.82;0.91;2;1.56;1.09;;0.67;0.65;0.63
BC;uur;µg/m³;2024-06-27T09:00:00+01:00;2024-06-27T10:00:00+01:00;0.57;0.76;1.31;0.61;0.61;1.01;0.91;0.64;1.33;0.87;;0.57;0.57;0.48
BC;uur;µg/m³;2024-06-27T10:00:00+01:00;2024-06-27T11:00:00+01:00;0.53;0.74;1.54;0.59;0.8;0.75;0.95;0.51;1.01;0.71;;0.6;0.62;0.48
BC;uur;µg/m³;2024-06-27T11:00:00+01:00;2024-06-27T12:00:00+01:00;0.42;0.65;0.93;0.49;0.56;0.45;0.68;0.39;0.96;0.61;;0.53;0.57;0.43
BC;uur;µg/m³;2024-06-27T12:00:00+01:00;2024-06-27T13:00:00+01:00;0.39;0.61;0.98;0.52;0.59;0.43;0.7;0.38;0.82;0.5;;0.54;0.53;0.42
BC;uur;µg/m³;2024-06-27T13:00:00+01:00;2024-06-27T14:00:00+01:00;0.42;0.46;1.02;0.43;0.47;0.36;0.71;0.36;0.74;0.48;;0.53;0.47;0.42
BC;uur;µg/m³;2024-06-27T14:00:00+01:00;2024-06-27T15:00:00+01:00;0.46;0.38;1.18;0.41;0.36;0.4;0.74;0.36;0.9;0.41;;0.43;0.55;0.47
BC;uur;µg/m³;2024-06-27T15:00:00+01:00;2024-06-27T16:00:00+01:00;0.41;0.4;1.31;0.45;0.4;0.5;0.82;0.47;1.08;0.38;;0.29;0.45;0.45
BC;uur;µg/m³;2024-06-27T16:00:00+01:00;2024-06-27T17:00:00+01:00;0.4;0.45;1.18;0.45;0.41;0.56;0.83;0.58;0.96;0.47;;0.32;0.28;0.31
BC;uur;µg/m³;2024-06-27T17:00:00+01:00;2024-06-27T18:00:00+01:00;0.49;0.44;1.04;0.45;0.46;0.64;0.9;0.61;1.01;0.5;;0.38;0.33;0.49
BC;uur;µg/m³;2024-06-27T18:00:00+01:00;2024-06-27T19:00:00+01:00;0.45;0.47;1.07;0.49;0.25;0.59;0.91;0.62;0.98;0.52;;0.39;0.36;0.38
BC;uur;µg/m³;2024-06-27T19:00:00+01:00;2024-06-27T20:00:00+01:00;0.44;0.37;1.06;0.63;0.3;0.48;0.76;0.35;1.17;0.57;;0.42;0.38;0.42
BC;uur;µg/m³;2024-06-27T20:00:00+01:00;2024-06-27T21:00:00+01:00;0.45;0.4;0.58;0.35;0.22;0.43;0.76;0.31;1.11;0.64;;0.52;0.63;0.42
BC;uur;µg/m³;2024-06-27T21:00:00+01:00;2024-06-27T22:00:00+01:00;0.23;0.31;0.65;0.31;0.12;0.15;0.52;0.17;0.59;0.37;;;0.4;0.38
BC;uur;µg/m³;2024-06-27T22:00:00+01:00;2024-06-27T23:00:00+01:00;0.35;0.24;0.56;0.34;0.12;0.11;0.24;0.19;0.71;0.32;;;0.46;0.39
BC;uur;µg/m³;2024-06-27T23:00:00+01:00;2024-06-28T00:00:00+01:00;0.39;0.34;0.37;0.25;0.13;0.14;0.21;0.2;0.56;0.27;;0.53;0.43;0.49
BC;uur;µg/m³;2024-06-28T00:00:00+01:00;2024-06-28T01:00:00+01:00;0.31;0.29;0.27;0.14;0.13;0.16;0.21;0.23;0.3;0.31;;0.54;0.4;0.41
BC;uur;µg/m³;2024-06-28T01:00:00+01:00;2024-06-28T02:00:00+01:00;0.16;0.14;0.13;0.05;0.17;0.15;0.19;0.24;0.18;0.19;;0.32;0.34;0.32
BC;uur;µg/m³;2024-06-28T02:00:00+01:00;2024-06-28T03:00:00+01:00;0.07;0.12;0.1;0.08;0.2;0.16;0.16;0.21;0.15;0.1;;0.2;0.3;0.27
BC;uur;µg/m³;2024-06-28T03:00:00+01:00;2024-06-28T04:00:00+01:00;0.07;0.08;0.18;0.1;0.09;0.18;0.24;0.17;0.18;0.12;;0.19;0.2;0.23
BC;uur;µg/m³;2024-06-28T04:00:00+01:00;2024-06-28T05:00:00+01:00;0.1;0.1;0.36;0.14;0.07;0.16;0.46;0.22;0.29;0.2;;0.14;0.19;0.18
BC;uur;µg/m³;2024-06-28T05:00:00+01:00;2024-06-28T06:00:00+01:00;0.14;0.12;0.58;0.15;0.09;0.11;0.5;0.24;0.56;0.3;;0.13;0.21;0.19
BC;uur;µg/m³;2024-06-28T06:00:00+01:00;2024-06-28T07:00:00+01:00;0.2;0.17;0.93;0.22;0.08;0.12;0.38;0.22;0.69;0.47;;0.18;0.2;0.2
BC;uur;µg/m³;2024-06-28T07:00:00+01:00;2024-06-28T08:00:00+01:00;0.2;0.18;0.93;0.19;0.07;0.13;0.3;0.17;0.6;0.35;;0.22;0.16;0.17
BC;uur;µg/m³;2024-06-28T08:00:00+01:00;2024-06-28T09:00:00+01:00;0.19;0.17;0.84;0.21;0.07;0.1;0.35;0.2;0.45;0.25;;0.19;;0.16
BC;uur;µg/m³;2024-06-28T09:00:00+01:00;2024-06-28T10:00:00+01:00;0.21;0.16;0.52;0.16;0.09;0.09;0.28;0.2;0.41;0.19;;0.22;;0.11
BC;uur;µg/m³;2024-06-28T10:00:00+01:00;2024-06-28T11:00:00+01:00;0.16;0.14;0.81;0.2;0.11;0.07;0.3;0.18;0.58;0.2;;0.22;0.13;0.13
BC;uur;µg/m³;2024-06-28T11:00:00+01:00;2024-06-28T12:00:00+01:00;0.37;0.12;0.92;0.28;0.11;0.12;0.41;0.13;0.62;0.17;;0.2;0.15;0.13
BC;uur;µg/m³;2024-06-28T12:00:00+01:00;2024-06-28T13:00:00+01:00;0.21;0.13;0.82;0.23;0.09;0.14;0.41;0.09;0.49;0.28;;0.15;0.13;0.11
BC;uur;µg/m³;2024-06-28T13:00:00+01:00;2024-06-28T14:00:00+01:00;0.14;0.15;0.78;0.25;0.09;0.18;0.38;0.11;0.63;0.18;;0.15;0.11;0.09
BC;uur;µg/m³;2024-06-28T14:00:00+01:00;2024-06-28T15:00:00+01:00;0.2;0.18;0.93;0.28;0.1;0.12;0.5;0.11;0.46;0.2;;0.17;0.1;0.11
BC;uur;µg/m³;2024-06-28T15:00:00+01:00;2024-06-28T16:00:00+01:00;0.28;0.2;0.9;0.26;0.11;0.16;0.42;0.1;0.51;0.19;;0.15;0.1;0.1
BC;uur;µg/m³;2024-06-28T16:00:00+01:00;2024-06-28T17:00:00+01:00;0.32;0.22;0.73;0.26;0.14;0.19;0.35;0.19;0.54;0.22;;0.17;0.12;0.12
BC;uur;µg/m³;2024-06-28T17:00:00+01:00;2024-06-28T18:00:00+01:00;0.37;0.23;0.63;0.2;0.12;0.15;0.35;0.22;0.65;0.2;;0.21;0.11;0.16
BC;uur;µg/m³;2024-06-28T18:00:00+01:00;2024-06-28T19:00:00+01:00;0.34;0.25;0.57;0.23;0.15;0.14;0.34;0.17;0.49;0.25;;0.21;0.15;0.2
BC;uur;µg/m³;2024-06-28T19:00:00+01:00;2024-06-28T20:00:00+01:00;0.37;0.27;0.79;0.31;0.14;0.19;0.46;0.33;0.8;0.31;;0.22;0.17;0.38
BC;uur;µg/m³;2024-06-28T20:00:00+01:00;2024-06-28T21:00:00+01:00;0.52;0.38;0.67;0.25;0.17;0.19;0.59;1.84;0.72;0.33;;0.38;0.17;0.43
BC;uur;µg/m³;2024-06-28T21:00:00+01:00;2024-06-28T22:00:00+01:00;0.29;1.05;0.67;0.26;0.16;0.29;0.58;1.65;0.7;0.51;;0.39;0.18;0.44
BC;uur;µg/m³;2024-06-28T22:00:00+01:00;2024-06-28T23:00:00+01:00;0.4;1.18;0.92;0.34;0.14;0.31;0.65;0.62;0.91;0.5;;0.31;0.29;0.31
BC;uur;µg/m³;2024-06-28T23:00:00+01:00;2024-06-29T00:00:00+01:00;0.49;1.15;1.33;0.36;0.17;0.25;0.86;0.74;1.11;0.53;;0.32;0.3;0.43
BC;uur;µg/m³;2024-06-29T00:00:00+01:00;2024-06-29T01:00:00+01:00;0.64;0.65;1.16;0.36;0.18;0.37;0.71;0.86;1.51;1.66;;0.26;0.27;0.53
BC;uur;µg/m³;2024-06-29T01:00:00+01:00;2024-06-29T02:00:00+01:00;0.68;0.55;1.38;0.47;0.17;0.49;0.64;0.64;1.18;1.13;;0.27;0.21;0.44
BC;uur;µg/m³;2024-06-29T02:00:00+01:00;2024-06-29T03:00:00+01:00;0.55;0.42;0.99;0.58;0.22;0.5;0.8;0.63;1.02;0.68;;0.47;0.21;0.35
BC;uur;µg/m³;2024-06-29T03:00:00+01:00;2024-06-29T04:00:00+01:00;0.68;0.38;0.77;0.74;0.27;0.42;0.84;0.68;0.65;0.52;;0.37;0.23;0.35
BC;uur;µg/m³;2024-06-29T04:00:00+01:00;2024-06-29T05:00:00+01:00;0.67;0.41;0.64;0.66;0.28;0.41;0.9;0.74;0.33;0.3;;0.31;0.26;0.41
BC;uur;µg/m³;2024-06-29T05:00:00+01:00;2024-06-29T06:00:00+01:00;0.71;0.41;0.66;0.55;0.32;0.79;0.96;0.84;0.37;0.2;;0.32;0.32;0.35
BC;uur;µg/m³;2024-06-29T06:00:00+01:00;2024-06-29T07:00:00+01:00;0.58;0.34;0.53;0.44;0.55;1.17;1;0.66;0.64;0.27;;0.27;0.35;0.27
BC;uur;µg/m³;2024-06-29T07:00:00+01:00;2024-06-29T08:00:00+01:00;0.27;0.4;0.51;0.31;0.5;0.48;0.4;0.44;0.87;0.57;;0.26;0.25;0.13
BC;uur;µg/m³;2024-06-29T08:00:00+01:00;2024-06-29T09:00:00+01:00;0.34;0.46;0.71;0.32;0.32;0.22;0.36;0.31;0.7;0.36;;0.2;0.23;0.11
BC;uur;µg/m³;2024-06-29T09:00:00+01:00;2024-06-29T10:00:00+01:00;0.25;0.39;0.64;0.3;0.23;0.2;0.48;0.3;0.59;0.34;;0.18;0.17;0.22
BC;uur;µg/m³;2024-06-29T10:00:00+01:00;2024-06-29T11:00:00+01:00;0.28;0.34;0.62;0.27;0.28;0.22;0.38;0.32;0.99;0.3;;0.2;0.29;0.15
BC;uur;µg/m³;2024-06-29T11:00:00+01:00;2024-06-29T12:00:00+01:00;0.26;0.35;0.62;0.28;0.36;0.28;0.46;0.34;0.95;0.3;;0.25;0.28;0.14
BC;uur;µg/m³;2024-06-29T12:00:00+01:00;2024-06-29T13:00:00+01:00;0.27;0.43;0.59;0.31;0.41;0.15;0.51;0.34;1.12;0.31;;0.24;0.25;0.13
BC;uur;µg/m³;2024-06-29T13:00:00+01:00;2024-06-29T14:00:00+01:00;0.29;0.44;0.64;0.35;0.36;0.14;0.48;0.33;1;0.32;;0.22;0.26;0.15
BC;uur;µg/m³;2024-06-29T14:00:00+01:00;2024-06-29T15:00:00+01:00;0.23;0.35;0.61;0.32;0.36;0.3;0.43;0.31;1.16;0.26;;0.24;0.26;0.16
BC;uur;µg/m³;2024-06-29T15:00:00+01:00;2024-06-29T16:00:00+01:00;0.26;0.35;0.64;0.34;0.36;0.22;0.35;0.32;0.79;0.28;;0.23;0.33;0.16
BC;uur;µg/m³;2024-06-29T16:00:00+01:00;2024-06-29T17:00:00+01:00;0.28;0.36;0.73;0.42;0.27;0.35;0.32;0.4;1.2;0.43;;0.41;0.31;0.18
BC;uur;µg/m³;2024-06-29T17:00:00+01:00;2024-06-29T18:00:00+01:00;0.36;0.41;0.67;0.43;0.26;0.42;0.36;0.46;1.43;0.57;;0.46;0.28;0.14
BC;uur;µg/m³;2024-06-29T18:00:00+01:00;2024-06-29T19:00:00+01:00;0.49;0.65;1.26;0.65;0.19;0.43;0.44;0.52;1.07;0.49;;0.43;0.32;0.14
BC;uur;µg/m³;2024-06-29T19:00:00+01:00;2024-06-29T20:00:00+01:00;0.38;0.59;0.65;0.41;0.2;0.56;1.07;0.53;1.52;0.73;;0.38;0.28;0.16
BC;uur;µg/m³;2024-06-29T20:00:00+01:00;2024-06-29T21:00:00+01:00;0.28;0.45;0.63;0.45;0.21;0.49;0.59;0.55;1.4;0.51;;0.36;0.23;0.16
BC;uur;µg/m³;2024-06-29T21:00:00+01:00;2024-06-29T22:00:00+01:00;0.32;0.42;0.75;0.44;0.37;0.58;0.73;0.59;1.02;0.63;;0.29;0.24;0.2
BC;uur;µg/m³;2024-06-29T22:00:00+01:00;2024-06-29T23:00:00+01:00;0.34;0.54;0.99;0.43;0.35;0.47;0.57;0.56;1.47;0.74;;0.16;0.16;0.2
BC;uur;µg/m³;2024-06-29T23:00:00+01:00;2024-06-30T00:00:00+01:00;0.33;0.39;0.87;0.4;0.27;0.26;0.27;0.44;1;0.54;;0.08;0.19;0.17
BC;uur;µg/m³;2024-06-30T00:00:00+01:00;2024-06-30T01:00:00+01:00;0.56;0.2;0.98;0.49;0.21;0.27;0.3;0.26;0.79;0.54;;0.2;0.17;0.13
BC;uur;µg/m³;2024-06-30T01:00:00+01:00;2024-06-30T02:00:00+01:00;0.57;0.27;0.68;0.4;0.27;0.25;0.36;0.46;0.81;0.56;;0.28;0.15;0.18
BC;uur;µg/m³;2024-06-30T02:00:00+01:00;2024-06-30T03:00:00+01:00;0.54;0.3;;0.5;0.2;0.28;0.35;0.24;1;0.53;;0.3;0.15;0.15
BC;uur;µg/m³;2024-06-30T03:00:00+01:00;2024-06-30T04:00:00+01:00;0.53;0.31;;0.31;0.19;0.33;0.32;0.27;0.71;0.43;;0.11;0.14;0.16
BC;uur;µg/m³;2024-06-30T04:00:00+01:00;2024-06-30T05:00:00+01:00;0.52;0.31;;0.36;0.13;0.38;0.4;0.34;0.55;0.33;;0.17;0.17;0.13
BC;uur;µg/m³;2024-06-30T05:00:00+01:00;2024-06-30T06:00:00+01:00;0.45;0.26;;0.85;0.15;0.27;0.45;0.3;0.43;0.39;;0.14;0.14;0.15
BC;uur;µg/m³;2024-06-30T06:00:00+01:00;2024-06-30T07:00:00+01:00;0.45;0.26;;0.5;0.15;0.22;0.39;0.28;0.51;0.33;;0.12;0.15;0.14
BC;uur;µg/m³;2024-06-30T07:00:00+01:00;2024-06-30T08:00:00+01:00;0.38;0.27;;0.44;0.14;0.21;0.34;0.2;0.42;0.33;;0.35;0.15;0.14
BC;uur;µg/m³;2024-06-30T08:00:00+01:00;2024-06-30T09:00:00+01:00;0.23;0.35;;0.33;0.2;0.22;0.44;0.23;0.44;0.26;;0.22;0.14;0.14
BC;uur;µg/m³;2024-06-30T09:00:00+01:00;2024-06-30T10:00:00+01:00;0.21;0.43;;0.3;0.23;0.26;0.55;0.22;0.57;0.23;;0.13;0.14;0.12
BC;uur;µg/m³;2024-06-30T10:00:00+01:00;2024-06-30T11:00:00+01:00;0.21;0.37;;0.21;0.17;0.21;0.62;0.19;0.49;0.22;;0.43;0.13;0.1
BC;uur;µg/m³;2024-06-30T11:00:00+01:00;2024-06-30T12:00:00+01:00;0.19;0.33;;0.24;0.18;0.18;0.57;0.17;0.63;0.25;;0.31;0.11;0.12
BC;uur;µg/m³;2024-06-30T12:00:00+01:00;2024-06-30T13:00:00+01:00;0.22;0.19;;0.16;0.16;0.14;0.48;0.13;1;0.28;;0.26;0.11;0.1
BC;uur;µg/m³;2024-06-30T13:00:00+01:00;2024-06-30T14:00:00+01:00;0.19;0.25;;0.29;0.21;0.13;0.45;0.15;0.94;0.32;;0.21;0.1;0.14
BC;uur;µg/m³;2024-06-30T14:00:00+01:00;2024-06-30T15:00:00+01:00;0.19;0.28;;0.21;0.17;0.09;0.41;0.14;0.53;0.33;;0.15;0.12;0.13
BC;uur;µg/m³;2024-06-30T15:00:00+01:00;2024-06-30T16:00:00+01:00;0.13;0.28;;0.27;0.13;0.16;0.47;0.15;0.76;0.29;;0.17;0.12;0.15
BC;uur;µg/m³;2024-06-30T16:00:00+01:00;2024-06-30T17:00:00+01:00;0.15;0.27;;0.21;0.3;0.21;0.6;0.2;0.6;0.21;;0.19;0.14;0.17
BC;uur;µg/m³;2024-06-30T17:00:00+01:00;2024-06-30T18:00:00+01:00;0.15;0.24;;0.25;0.24;0.21;0.72;0.23;0.37;0.17;;0.2;0.14;0.31
BC;uur;µg/m³;2024-06-30T18:00:00+01:00;2024-06-30T19:00:00+01:00;0.15;0.25;;0.39;0.18;0.22;0.64;0.23;0.52;0.24;;0.15;0.16;0.2
BC;uur;µg/m³;2024-06-30T19:00:00+01:00;2024-06-30T20:00:00+01:00;0.18;0.37;;0.36;0.04;0.26;0.58;0.32;0.6;0.24;;0.16;0.17;0.13
BC;uur;µg/m³;2024-06-30T20:00:00+01:00;2024-06-30T21:00:00+01:00;0.19;0.37;;0.33;0.13;0.07;0.34;0.27;0.74;0.24;;0.14;0.18;0.13
BC;uur;µg/m³;2024-06-30T21:00:00+01:00;2024-06-30T22:00:00+01:00;0.24;0.27;;0.22;0.09;0.08;0.41;0.1;0.56;0.29;;0.17;0.13;0.56
BC;uur;µg/m³;2024-06-30T22:00:00+01:00;2024-06-30T23:00:00+01:00;0.19;0.26;;0.15;0.11;0.09;0.3;0.16;0.51;0.26;;0.13;0.14;0.23
BC;uur;µg/m³;2024-06-30T23:00:00+01:00;2024-07-01T00:00:00+01:00;0.16;0.26;;0.1;0.01;0.09;0.34;0.09;0.28;0.21;;0.13;0.12;0.2
